Date,Day,Holiday,Special_Event,Number of patients,Number of doctors,Time,PPDH,Weather
01-01-2018,Monday,0,0,94,4,3.99,5.89,Partially Cloudy
02-01-2018,Tuesday,0,0,139,3,3.14,14.76,Sunny
03-01-2018,Wednesday,0,0,61,6,4.08,2.49,Heavy rain
04-01-2018,Thursday,0,0,81,3,3.61,7.48,Partially Cloudy
05-01-2018,Friday,0,0,106,4,4.3,6.16,Sunny
06-01-2018,Saturday,1,0,31,1,4.5,6.89,Sunny
07-01-2018,Sunday,1,0,51,4,3.55,3.59,Light rain
08-01-2018,Monday,0,1,179,3,3.11,19.19,Sunny
09-01-2018,Tuesday,0,0,52,4,3.31,3.93,Partially Cloudy
10-01-2018,Wednesday,0,0,93,5,3.5,5.31,Heavy rain
11-01-2018,Thursday,1,0,26,3,4.3,2.02,Heavy rain
12-01-2018,Friday,0,1,151,4,3.7,10.2,Sunny
13-01-2018,Saturday,1,1,32,3,3.59,2.97,Heavy rain
14-01-2018,Sunday,1,1,103,1,4.2,24.52,Light rain
15-01-2018,Monday,0,0,104,3,3.51,9.88,Partially Cloudy
16-01-2018,Tuesday,0,0,75,3,4.08,6.13,Partially Cloudy
17-01-2018,Wednesday,0,0,109,3,4.25,8.55,Partially Cloudy
18-01-2018,Thursday,0,1,199,3,3.86,17.18,Sunny
19-01-2018,Friday,0,0,94,4,3.41,6.89,Partially Cloudy
20-01-2018,Saturday,1,0,69,1,4.5,15.33,Sunny
21-01-2018,Sunday,1,0,60,1,4.26,14.08,Light rain
22-01-2018,Monday,0,0,118,3,4.31,9.13,Sunny
23-01-2018,Tuesday,0,0,53,4,3.12,4.25,Light rain
24-01-2018,Wednesday,0,1,78,3,4.37,5.95,Heavy rain
25-01-2018,Thursday,0,0,74,3,4.21,5.86,Partially Cloudy
26-01-2018,Friday,0,0,76,3,3.33,7.61,Heavy rain
27-01-2018,Saturday,1,1,91,1,3.79,24.01,Sunny
28-01-2018,Sunday,1,0,73,1,4.12,17.72,Partially Cloudy
29-01-2018,Monday,0,0,142,3,3.77,12.56,Sunny
30-01-2018,Tuesday,0,1,136,3,3.79,11.96,Heavy rain
31-01-2018,Wednesday,0,0,59,3,3.18,6.18,Light rain
01-02-2018,Thursday,0,0,88,6,4.13,3.55,Heavy rain
02-02-2018,Friday,0,1,103,5,3.55,5.8,Partially Cloudy
03-02-2018,Saturday,1,0,54,2,4.18,6.46,Sunny
04-02-2018,Sunday,1,0,76,1,3.8,20,Partially Cloudy
05-02-2018,Monday,0,0,80,6,3.65,3.65,Light rain
06-02-2018,Tuesday,0,0,53,6,4.24,2.08,Partially Cloudy
07-02-2018,Wednesday,0,0,114,4,4.49,6.35,Light rain
08-02-2018,Thursday,0,0,82,6,4.39,3.11,Light rain
09-02-2018,Friday,0,0,59,6,3.22,3.05,Light rain
10-02-2018,Saturday,1,0,41,3,4.04,3.38,Heavy rain
11-02-2018,Sunday,1,0,50,2,3.17,7.89,Partially Cloudy
12-02-2018,Monday,0,0,88,3,3.69,7.95,Partially Cloudy
13-02-2018,Tuesday,0,1,145,6,3.42,7.07,Light rain
14-02-2018,Wednesday,0,0,90,4,3.48,6.47,Partially Cloudy
15-02-2018,Thursday,1,0,37,2,3.34,5.54,Light rain
16-02-2018,Friday,1,0,75,2,3.96,9.47,Light rain
17-02-2018,Saturday,1,0,76,4,3.12,6.09,Sunny
18-02-2018,Sunday,1,0,39,3,4.39,2.96,Partially Cloudy
19-02-2018,Monday,0,1,108,4,3.12,8.65,Partially Cloudy
20-02-2018,Tuesday,0,0,115,3,3.4,11.27,Sunny
21-02-2018,Wednesday,0,0,76,6,3.55,3.57,Partially Cloudy
22-02-2018,Thursday,0,0,116,3,3.82,10.12,Sunny
23-02-2018,Friday,0,1,168,6,3.06,9.15,Light rain
24-02-2018,Saturday,1,0,39,2,4.08,4.78,Heavy rain
25-02-2018,Sunday,1,0,18,4,3.19,1.41,Heavy rain
26-02-2018,Monday,0,0,124,6,3.98,5.19,Sunny
27-02-2018,Tuesday,0,0,113,4,3.6,7.85,Light rain
28-02-2018,Wednesday,0,1,87,5,3.19,5.45,Partially Cloudy
01-03-2018,Thursday,0,0,76,4,3.69,5.15,Heavy rain
02-03-2018,Friday,0,0,58,6,3.94,2.45,Heavy rain
03-03-2018,Saturday,1,0,90,1,4.42,20.36,Sunny
04-03-2018,Sunday,1,0,75,1,4.19,17.9,Sunny
05-03-2018,Monday,0,1,109,3,3.59,10.12,Sunny
06-03-2018,Tuesday,0,0,93,5,3.78,4.92,Light rain
07-03-2018,Wednesday,0,0,116,5,3.67,6.32,Sunny
08-03-2018,Thursday,0,0,105,4,3.41,7.7,Light rain
09-03-2018,Friday,0,0,117,5,3.99,5.86,Light rain
10-03-2018,Saturday,1,0,88,2,3.33,13.21,Sunny
11-03-2018,Sunday,1,0,58,1,3.94,14.72,Heavy rain
12-03-2018,Monday,0,0,50,3,3.25,5.13,Light rain
13-03-2018,Tuesday,0,0,78,5,4.35,3.59,Heavy rain
14-03-2018,Wednesday,0,1,169,3,3.26,17.28,Sunny
15-03-2018,Thursday,0,0,108,6,3.58,5.03,Light rain
16-03-2018,Friday,0,0,65,6,3.11,3.48,Heavy rain
17-03-2018,Saturday,1,0,26,1,4.16,6.25,Partially Cloudy
18-03-2018,Sunday,1,1,67,1,3.92,17.09,Light rain
19-03-2018,Monday,0,1,141,4,4.48,7.87,Heavy rain
20-03-2018,Tuesday,0,1,117,6,3.94,4.95,Heavy rain
21-03-2018,Wednesday,1,0,61,1,4.01,15.21,Sunny
22-03-2018,Thursday,0,0,85,3,3.25,8.72,Light rain
23-03-2018,Friday,0,0,117,5,3.07,7.62,Sunny
24-03-2018,Saturday,1,1,57,3,4.46,4.26,Partially Cloudy
25-03-2018,Sunday,1,0,58,4,3.22,4.5,Light rain
26-03-2018,Monday,0,0,100,3,3.67,9.08,Light rain
27-03-2018,Tuesday,0,0,72,5,3.01,4.78,Heavy rain
28-03-2018,Wednesday,0,0,75,5,3.31,4.53,Sunny
29-03-2018,Thursday,0,0,135,5,3.98,6.78,Sunny
30-03-2018,Friday,0,0,94,4,3.45,6.81,Light rain
31-03-2018,Saturday,1,0,58,1,4.34,13.36,Sunny
01-04-2018,Sunday,1,0,56,3,3.26,5.73,Sunny
02-04-2018,Monday,0,0,82,3,3.54,7.72,Light rain
03-04-2018,Tuesday,1,1,118,1,3.02,39.07,Sunny
04-04-2018,Wednesday,0,0,42,6,3.64,1.92,Heavy rain
05-04-2018,Thursday,0,0,100,6,3.45,4.83,Sunny
06-04-2018,Friday,0,0,81,4,3.34,6.06,Partially Cloudy
07-04-2018,Saturday,1,1,44,2,3.55,6.2,Heavy rain
08-04-2018,Sunday,1,0,38,3,4.42,2.87,Partially Cloudy
09-04-2018,Monday,0,0,58,6,4.33,2.23,Light rain
10-04-2018,Tuesday,0,0,90,3,4.5,6.67,Heavy rain
11-04-2018,Wednesday,0,0,117,4,4.41,6.63,Sunny
12-04-2018,Thursday,0,1,120,5,3.2,7.5,Light rain
13-04-2018,Friday,0,0,77,6,3.29,3.9,Light rain
14-04-2018,Saturday,1,0,58,4,4.19,3.46,Heavy rain
15-04-2018,Sunday,1,1,51,4,4.34,2.94,Light rain
16-04-2018,Monday,0,1,116,6,4.2,4.6,Heavy rain
17-04-2018,Tuesday,0,0,98,6,3.95,4.14,Light rain
18-04-2018,Wednesday,0,0,93,6,3.66,4.23,Partially Cloudy
19-04-2018,Thursday,0,0,64,6,3.87,2.76,Partially Cloudy
20-04-2018,Friday,0,0,48,4,3.49,3.44,Heavy rain
21-04-2018,Saturday,1,0,93,3,3.5,8.86,Sunny
22-04-2018,Sunday,1,0,43,4,4.43,2.43,Partially Cloudy
23-04-2018,Monday,0,0,93,5,4.25,4.38,Partially Cloudy
24-04-2018,Tuesday,1,0,66,4,3.24,5.09,Light rain
25-04-2018,Wednesday,0,0,80,4,3.78,5.29,Heavy rain
26-04-2018,Thursday,1,0,41,1,3.16,12.97,Partially Cloudy
27-04-2018,Friday,0,1,206,6,3.33,10.31,Sunny
28-04-2018,Saturday,1,0,52,4,3.34,3.89,Light rain
29-04-2018,Sunday,1,0,32,3,4.33,2.46,Heavy rain
30-04-2018,Monday,0,0,64,6,4.21,2.53,Partially Cloudy
01-05-2018,Tuesday,0,0,140,4,3.44,10.17,Sunny
02-05-2018,Wednesday,1,0,61,4,3.55,4.3,Heavy rain
03-05-2018,Thursday,0,0,135,3,4.33,10.39,Sunny
04-05-2018,Friday,0,0,64,5,3.77,3.4,Partially Cloudy
05-05-2018,Saturday,1,1,117,3,3.78,10.32,Light rain
06-05-2018,Sunday,1,0,21,2,3.19,3.29,Heavy rain
07-05-2018,Monday,0,0,50,3,3.27,5.1,Light rain
08-05-2018,Tuesday,0,0,72,3,3.85,6.23,Sunny
09-05-2018,Wednesday,0,0,68,4,4.34,3.92,Sunny
10-05-2018,Thursday,0,0,71,5,3.42,4.15,Light rain
11-05-2018,Friday,0,0,90,3,4.07,7.37,Light rain
12-05-2018,Saturday,1,0,63,3,3.49,6.02,Sunny
13-05-2018,Sunday,1,0,18,3,4.24,1.42,Heavy rain
14-05-2018,Monday,0,1,84,6,3.52,3.98,Heavy rain
15-05-2018,Tuesday,0,0,101,3,4.08,8.25,Light rain
16-05-2018,Wednesday,0,0,121,6,4.15,4.86,Sunny
17-05-2018,Thursday,0,0,90,6,4.46,3.36,Heavy rain
18-05-2018,Friday,0,0,130,5,3.65,7.12,Sunny
19-05-2018,Saturday,1,1,25,2,4.14,3.02,Heavy rain
20-05-2018,Sunday,1,0,39,1,4.48,8.71,Partially Cloudy
21-05-2018,Monday,0,0,44,5,4.03,2.18,Heavy rain
22-05-2018,Tuesday,0,0,117,3,4.42,8.82,Sunny
23-05-2018,Wednesday,0,0,50,3,4.12,4.05,Heavy rain
24-05-2018,Thursday,0,0,72,4,3.16,5.7,Heavy rain
25-05-2018,Friday,1,0,26,3,3.73,2.32,Heavy rain
26-05-2018,Saturday,1,0,23,4,4.29,1.34,Partially Cloudy
27-05-2018,Sunday,1,0,66,4,4.21,3.92,Sunny
28-05-2018,Monday,0,0,97,6,3,5.39,Partially Cloudy
29-05-2018,Tuesday,0,0,136,5,4.46,6.1,Sunny
30-05-2018,Wednesday,0,0,59,3,3.28,6,Light rain
31-05-2018,Thursday,0,0,98,4,3.75,6.53,Sunny
01-06-2018,Friday,0,0,97,6,4.04,4,Light rain
02-06-2018,Saturday,1,0,21,2,3.33,3.15,Light rain
03-06-2018,Sunday,1,0,46,4,3.52,3.27,Heavy rain
04-06-2018,Monday,0,0,75,3,3.4,7.35,Partially Cloudy
05-06-2018,Tuesday,0,1,138,3,4,11.5,Light rain
06-06-2018,Wednesday,0,0,140,3,3.94,11.84,Sunny
07-06-2018,Thursday,0,0,54,3,4.49,4.01,Heavy rain
08-06-2018,Friday,0,0,117,3,3.14,12.42,Sunny
09-06-2018,Saturday,1,1,99,1,3.78,26.19,Partially Cloudy
10-06-2018,Sunday,1,0,66,4,3.11,5.31,Partially Cloudy
11-06-2018,Monday,0,0,94,5,3.26,5.77,Partially Cloudy
12-06-2018,Tuesday,0,0,88,5,3.73,4.72,Light rain
13-06-2018,Wednesday,0,0,136,5,4.27,6.37,Sunny
14-06-2018,Thursday,0,0,96,5,3.6,5.33,Light rain
15-06-2018,Friday,0,0,136,3,3.09,14.67,Sunny
16-06-2018,Saturday,1,0,80,1,4.1,19.51,Light rain
17-06-2018,Sunday,1,1,24,2,4.32,2.78,Heavy rain
18-06-2018,Monday,1,0,38,2,3.06,6.21,Partially Cloudy
19-06-2018,Tuesday,0,0,90,4,3.36,6.7,Heavy rain
20-06-2018,Wednesday,0,0,101,5,3.23,6.25,Partially Cloudy
21-06-2018,Thursday,0,0,102,6,4.21,4.04,Sunny
22-06-2018,Friday,0,0,129,6,4.2,5.12,Sunny
23-06-2018,Saturday,1,0,56,4,4.17,3.36,Sunny
24-06-2018,Sunday,1,0,33,2,4.03,4.09,Light rain
25-06-2018,Monday,0,0,70,4,4,4.38,Partially Cloudy
26-06-2018,Tuesday,0,0,90,3,4.37,6.86,Partially Cloudy
27-06-2018,Wednesday,0,0,69,6,4.11,2.8,Heavy rain
28-06-2018,Thursday,0,0,52,5,3.54,2.94,Heavy rain
29-06-2018,Friday,1,1,111,2,4.33,12.82,Partially Cloudy
30-06-2018,Saturday,1,0,26,4,3.55,1.83,Partially Cloudy
01-07-2018,Sunday,1,1,73,4,3.76,4.85,Heavy rain
02-07-2018,Monday,0,0,51,6,3.09,2.75,Heavy rain
03-07-2018,Tuesday,0,0,111,5,3.8,5.84,Partially Cloudy
04-07-2018,Wednesday,0,0,55,5,4.38,2.51,Partially Cloudy
05-07-2018,Thursday,0,0,76,3,3.82,6.63,Light rain
06-07-2018,Friday,0,0,99,6,3.43,4.81,Sunny
07-07-2018,Saturday,1,0,37,4,4.15,2.23,Sunny
08-07-2018,Sunday,1,1,73,1,3.88,18.81,Sunny
09-07-2018,Monday,0,0,73,3,3.07,7.93,Heavy rain
10-07-2018,Tuesday,0,0,109,4,4.04,6.75,Sunny
11-07-2018,Wednesday,0,0,54,5,4.03,2.68,Light rain
12-07-2018,Thursday,0,0,80,4,3.7,5.41,Light rain
13-07-2018,Friday,0,1,90,4,3.96,5.68,Light rain
14-07-2018,Saturday,1,0,45,3,3.89,3.86,Sunny
15-07-2018,Sunday,1,0,79,3,3.81,6.91,Partially Cloudy
16-07-2018,Monday,0,0,71,3,3.69,6.41,Light rain
17-07-2018,Tuesday,0,0,100,4,4.27,5.85,Sunny
18-07-2018,Wednesday,0,0,65,5,3.41,3.81,Partially Cloudy
19-07-2018,Thursday,1,0,59,1,3.57,16.53,Light rain
20-07-2018,Friday,0,0,96,5,4.12,4.66,Partially Cloudy
21-07-2018,Saturday,1,0,18,3,3.57,1.68,Heavy rain
22-07-2018,Sunday,1,0,43,2,3.22,6.68,Partially Cloudy
23-07-2018,Monday,0,1,121,6,4.14,4.87,Partially Cloudy
24-07-2018,Tuesday,0,0,40,4,3.66,2.73,Heavy rain
25-07-2018,Wednesday,0,0,101,6,3.82,4.41,Partially Cloudy
26-07-2018,Thursday,0,0,104,5,3.81,5.46,Light rain
27-07-2018,Friday,0,0,92,4,4.21,5.46,Heavy rain
28-07-2018,Saturday,1,0,73,2,4.36,8.37,Light rain
29-07-2018,Sunday,1,1,46,3,3.24,4.73,Partially Cloudy
30-07-2018,Monday,0,0,57,5,4.37,2.61,Light rain
31-07-2018,Tuesday,0,0,52,3,3.24,5.35,Light rain
01-08-2018,Wednesday,0,1,190,3,4.08,15.52,Sunny
02-08-2018,Thursday,0,0,77,3,3.92,6.55,Heavy rain
03-08-2018,Friday,1,0,54,1,3.79,14.25,Sunny
04-08-2018,Saturday,1,0,73,1,4.37,16.7,Light rain
05-08-2018,Sunday,1,0,32,3,3.83,2.79,Light rain
06-08-2018,Monday,0,0,121,4,3.95,7.66,Sunny
07-08-2018,Tuesday,0,0,67,5,4.03,3.33,Sunny
08-08-2018,Wednesday,0,1,199,4,3.27,15.21,Sunny
09-08-2018,Thursday,1,1,64,2,3.61,8.86,Heavy rain
10-08-2018,Friday,0,0,101,5,3.95,5.11,Partially Cloudy
11-08-2018,Saturday,1,0,60,4,3.75,4,Heavy rain
12-08-2018,Sunday,1,0,41,1,3.03,13.53,Partially Cloudy
13-08-2018,Monday,1,0,59,2,4.5,6.56,Heavy rain
14-08-2018,Tuesday,0,0,62,6,4.18,2.47,Sunny
15-08-2018,Wednesday,1,1,76,3,3.16,8.02,Heavy rain
16-08-2018,Thursday,0,0,95,3,3.19,9.93,Light rain
17-08-2018,Friday,0,0,130,4,3.03,10.73,Sunny
18-08-2018,Saturday,1,0,55,1,4.29,12.82,Heavy rain
19-08-2018,Sunday,1,0,31,2,3.57,4.34,Light rain
20-08-2018,Monday,0,0,93,4,4.29,5.42,Heavy rain
21-08-2018,Tuesday,0,0,96,4,4.13,5.81,Sunny
22-08-2018,Wednesday,0,1,76,4,4.45,4.27,Heavy rain
23-08-2018,Thursday,0,0,76,5,3.94,3.86,Light rain
24-08-2018,Friday,0,0,134,4,4.32,7.75,Sunny
25-08-2018,Saturday,1,1,50,3,3.54,4.71,Heavy rain
26-08-2018,Sunday,1,0,79,2,3.13,12.62,Sunny
27-08-2018,Monday,1,0,46,4,3.72,3.09,Heavy rain
28-08-2018,Tuesday,0,0,133,3,3.24,13.68,Sunny
29-08-2018,Wednesday,0,1,140,4,4.27,8.2,Sunny
30-08-2018,Thursday,0,1,144,6,3.24,7.41,Sunny
31-08-2018,Friday,0,0,60,6,3.56,2.81,Heavy rain
01-09-2018,Saturday,1,0,65,4,3.59,4.53,Partially Cloudy
02-09-2018,Sunday,1,0,51,2,3.65,6.99,Light rain
03-09-2018,Monday,0,0,64,6,3.77,2.83,Light rain
04-09-2018,Tuesday,0,1,90,6,4.12,3.64,Partially Cloudy
05-09-2018,Wednesday,0,0,87,3,3.22,9.01,Sunny
06-09-2018,Thursday,1,0,79,2,4.28,9.23,Sunny
07-09-2018,Friday,0,0,111,4,3.49,7.95,Partially Cloudy
08-09-2018,Saturday,1,0,45,2,3.14,7.17,Heavy rain
09-09-2018,Sunday,1,0,34,1,3.9,8.72,Sunny
10-09-2018,Monday,0,0,113,5,3.31,6.83,Light rain
11-09-2018,Tuesday,0,1,63,6,4.1,2.56,Heavy rain
12-09-2018,Wednesday,0,0,102,5,3.66,5.57,Light rain
13-09-2018,Thursday,0,0,47,6,3.32,2.36,Heavy rain
14-09-2018,Friday,0,0,112,3,3.76,9.93,Light rain
15-09-2018,Saturday,1,0,53,4,4.48,2.96,Partially Cloudy
16-09-2018,Sunday,1,0,85,4,4.16,5.11,Sunny
17-09-2018,Monday,0,0,80,3,3.03,8.8,Sunny
18-09-2018,Tuesday,1,0,45,3,3.87,3.88,Light rain
19-09-2018,Wednesday,0,0,58,4,3.83,3.79,Heavy rain
20-09-2018,Thursday,0,0,98,5,4.27,4.59,Light rain
21-09-2018,Friday,0,0,134,4,3.56,9.41,Sunny
22-09-2018,Saturday,1,1,75,3,3.27,7.65,Sunny
23-09-2018,Sunday,1,1,88,1,4.18,21.05,Light rain
24-09-2018,Monday,0,0,103,6,3.2,5.36,Partially Cloudy
25-09-2018,Tuesday,0,0,50,6,4.45,1.87,Light rain
26-09-2018,Wednesday,0,0,136,5,3.83,7.1,Sunny
27-09-2018,Thursday,0,0,77,6,3,4.28,Heavy rain
28-09-2018,Friday,0,0,124,5,3.94,6.29,Sunny
29-09-2018,Saturday,1,1,86,1,3.67,23.43,Heavy rain
30-09-2018,Sunday,1,0,60,4,3.32,4.52,Sunny
01-10-2018,Monday,0,0,58,4,3.05,4.75,Light rain
02-10-2018,Tuesday,0,0,78,4,3.11,6.27,Sunny
03-10-2018,Wednesday,0,0,109,5,4.19,5.2,Sunny
04-10-2018,Thursday,0,0,40,3,3.42,3.9,Heavy rain
05-10-2018,Friday,0,0,77,6,3.77,3.4,Heavy rain
06-10-2018,Saturday,1,1,64,1,4.23,15.13,Partially Cloudy
07-10-2018,Sunday,1,0,42,1,4.24,9.91,Sunny
08-10-2018,Monday,0,0,90,4,3.9,5.77,Light rain
09-10-2018,Tuesday,0,0,135,3,3.72,12.1,Sunny
10-10-2018,Wednesday,0,0,57,5,3.95,2.89,Partially Cloudy
11-10-2018,Thursday,0,1,82,6,3.44,3.97,Light rain
12-10-2018,Friday,0,0,68,4,3.95,4.3,Partially Cloudy
13-10-2018,Saturday,1,0,31,4,3.22,2.41,Partially Cloudy
14-10-2018,Sunday,1,0,37,1,3.42,10.82,Sunny
15-10-2018,Monday,0,0,66,4,3.91,4.22,Partially Cloudy
16-10-2018,Tuesday,0,0,71,5,3.67,3.87,Partially Cloudy
17-10-2018,Wednesday,0,0,82,6,4.43,3.09,Partially Cloudy
18-10-2018,Thursday,0,0,71,3,3.43,6.9,Heavy rain
19-10-2018,Friday,0,0,92,5,3.79,4.85,Heavy rain
20-10-2018,Saturday,1,0,38,3,3.25,3.9,Sunny
21-10-2018,Sunday,1,0,32,2,3.7,4.32,Heavy rain
22-10-2018,Monday,0,0,106,5,3.1,6.84,Partially Cloudy
23-10-2018,Tuesday,0,0,51,3,4.44,3.83,Partially Cloudy
24-10-2018,Wednesday,0,0,88,6,4.01,3.66,Heavy rain
25-10-2018,Thursday,0,0,102,4,3.05,8.36,Partially Cloudy
26-10-2018,Friday,0,0,67,3,4.18,5.34,Partially Cloudy
27-10-2018,Saturday,1,0,28,2,3.41,4.11,Partially Cloudy
28-10-2018,Sunday,1,1,36,1,3.24,11.11,Light rain
29-10-2018,Monday,0,0,103,5,3.39,6.08,Light rain
30-10-2018,Tuesday,0,0,93,5,3.82,4.87,Heavy rain
31-10-2018,Wednesday,0,0,86,4,3.77,5.7,Partially Cloudy
01-11-2018,Thursday,0,0,112,5,3.74,5.99,Partially Cloudy
02-11-2018,Friday,0,0,126,3,3.14,13.38,Sunny
03-11-2018,Saturday,1,1,114,4,3.2,8.91,Light rain
04-11-2018,Sunday,1,1,109,1,3.79,28.76,Partially Cloudy
05-11-2018,Monday,0,1,159,3,3.68,14.4,Partially Cloudy
06-11-2018,Tuesday,0,0,80,6,3.32,4.02,Heavy rain
07-11-2018,Wednesday,0,0,123,3,3.9,10.51,Sunny
08-11-2018,Thursday,0,0,72,3,3.96,6.06,Heavy rain
09-11-2018,Friday,0,0,51,6,3.15,2.7,Partially Cloudy
10-11-2018,Saturday,1,0,72,4,3.84,4.69,Sunny
11-11-2018,Sunday,1,0,50,3,3.95,4.22,Light rain
12-11-2018,Monday,0,0,61,4,4.07,3.75,Light rain
13-11-2018,Tuesday,0,0,70,6,3.82,3.05,Light rain
14-11-2018,Wednesday,0,0,69,6,4.2,2.74,Sunny
15-11-2018,Thursday,0,0,44,5,3.58,2.46,Heavy rain
16-11-2018,Friday,1,1,49,1,3.92,12.5,Heavy rain
17-11-2018,Saturday,1,1,90,2,4.08,11.03,Heavy rain
18-11-2018,Sunday,1,0,28,2,4.08,3.43,Light rain
19-11-2018,Monday,0,1,106,4,3.25,8.15,Sunny
20-11-2018,Tuesday,0,0,72,5,4.25,3.39,Partially Cloudy
21-11-2018,Wednesday,1,1,84,4,3.44,6.1,Heavy rain
22-11-2018,Thursday,0,0,73,3,3.77,6.45,Partially Cloudy
23-11-2018,Friday,0,0,64,4,3.68,4.35,Light rain
24-11-2018,Saturday,1,0,59,1,3.09,19.09,Light rain
25-11-2018,Sunday,1,0,48,2,4.01,5.99,Light rain
26-11-2018,Monday,0,0,84,3,4.48,6.25,Heavy rain
27-11-2018,Tuesday,0,1,167,6,3.71,7.5,Sunny
28-11-2018,Wednesday,1,0,80,4,3.41,5.87,Sunny
29-11-2018,Thursday,0,0,95,5,3.74,5.08,Partially Cloudy
30-11-2018,Friday,1,1,84,2,4.34,9.68,Light rain
01-12-2018,Saturday,1,0,27,4,3.8,1.78,Sunny
02-12-2018,Sunday,1,0,49,3,4.43,3.69,Sunny
03-12-2018,Monday,0,0,92,3,3.03,10.12,Sunny
04-12-2018,Tuesday,0,0,111,4,4.27,6.5,Sunny
05-12-2018,Wednesday,0,1,160,5,3.06,10.46,Light rain
06-12-2018,Thursday,0,0,77,6,4.45,2.88,Heavy rain
07-12-2018,Friday,0,1,111,5,3.92,5.66,Light rain
08-12-2018,Saturday,1,0,33,4,3.59,2.3,Partially Cloudy
09-12-2018,Sunday,1,0,55,1,3.32,16.57,Heavy rain
10-12-2018,Monday,0,0,59,4,3.72,3.97,Light rain
11-12-2018,Tuesday,0,0,118,5,4.27,5.53,Light rain
12-12-2018,Wednesday,0,0,57,4,4.14,3.44,Partially Cloudy
13-12-2018,Thursday,1,0,27,1,3.57,7.56,Light rain
14-12-2018,Friday,0,1,157,3,3.57,14.66,Light rain
15-12-2018,Saturday,1,0,70,3,3.39,6.88,Sunny
16-12-2018,Sunday,1,0,17,1,3.34,5.09,Heavy rain
17-12-2018,Monday,0,0,87,5,3.25,5.35,Sunny
18-12-2018,Tuesday,0,0,79,4,3.18,6.21,Partially Cloudy
19-12-2018,Wednesday,1,0,31,2,3.59,4.32,Partially Cloudy
20-12-2018,Thursday,0,0,117,3,3.91,9.97,Light rain
21-12-2018,Friday,0,1,144,5,3.7,7.78,Heavy rain
22-12-2018,Saturday,1,0,37,4,4.06,2.28,Sunny
23-12-2018,Sunday,1,1,94,2,3.7,12.7,Partially Cloudy
24-12-2018,Monday,0,0,75,5,3.59,4.18,Light rain
25-12-2018,Tuesday,0,0,115,4,4,7.19,Sunny
26-12-2018,Wednesday,0,0,92,3,4.02,7.63,Heavy rain
27-12-2018,Thursday,0,1,158,6,3.42,7.7,Sunny
28-12-2018,Friday,0,1,162,3,4.24,12.74,Partially Cloudy
29-12-2018,Saturday,1,0,28,2,3.4,4.12,Sunny
30-12-2018,Sunday,1,0,56,3,3.83,4.87,Heavy rain
31-12-2018,Monday,0,0,86,5,4.03,4.27,Light rain
01-01-2019,Tuesday,0,1,85,6,3.85,3.68,Heavy rain
02-01-2019,Wednesday,0,0,90,5,3.61,4.99,Sunny
03-01-2019,Thursday,0,0,130,6,4,5.42,Sunny
04-01-2019,Friday,0,0,40,4,3.16,3.16,Heavy rain
05-01-2019,Saturday,1,0,75,1,4.32,17.36,Partially Cloudy
06-01-2019,Sunday,1,0,21,2,4.38,2.4,Light rain
07-01-2019,Monday,0,0,76,4,4.25,4.47,Partially Cloudy
08-01-2019,Tuesday,0,0,80,4,3.88,5.15,Light rain
09-01-2019,Wednesday,1,0,56,2,3.76,7.45,Heavy rain
10-01-2019,Thursday,0,0,83,3,4.17,6.63,Light rain
11-01-2019,Friday,0,0,98,6,3.52,4.64,Partially Cloudy
12-01-2019,Saturday,1,0,43,3,3.74,3.83,Sunny
13-01-2019,Sunday,1,0,48,2,3.36,7.14,Light rain
14-01-2019,Monday,0,0,117,3,3.24,12.04,Light rain
15-01-2019,Tuesday,0,0,47,6,3.05,2.57,Heavy rain
16-01-2019,Wednesday,0,0,87,3,4.17,6.95,Heavy rain
17-01-2019,Thursday,0,0,65,5,3.09,4.21,Heavy rain
18-01-2019,Friday,0,0,103,6,3.3,5.2,Partially Cloudy
19-01-2019,Saturday,1,0,40,1,4.21,9.5,Heavy rain
20-01-2019,Sunday,1,0,69,1,3.89,17.74,Light rain
21-01-2019,Monday,0,0,78,6,3.25,4,Heavy rain
22-01-2019,Tuesday,0,0,119,6,3.34,5.94,Light rain
23-01-2019,Wednesday,0,0,83,5,4.37,3.8,Light rain
24-01-2019,Thursday,0,1,172,3,4.13,13.88,Partially Cloudy
25-01-2019,Friday,0,0,58,4,3.52,4.12,Light rain
26-01-2019,Saturday,1,0,36,4,3.86,2.33,Heavy rain
27-01-2019,Sunday,1,0,88,1,4.33,20.32,Sunny
28-01-2019,Monday,0,0,119,3,3.54,11.21,Partially Cloudy
29-01-2019,Tuesday,0,0,86,3,4.36,6.57,Light rain
30-01-2019,Wednesday,0,0,44,6,3.94,1.86,Heavy rain
31-01-2019,Thursday,0,0,47,3,3.67,4.27,Heavy rain
01-02-2019,Friday,0,0,100,6,3.02,5.52,Partially Cloudy
02-02-2019,Saturday,1,0,41,1,3.04,13.49,Heavy rain
03-02-2019,Sunday,1,0,26,3,3.19,2.72,Light rain
04-02-2019,Monday,0,0,111,4,4.34,6.39,Light rain
05-02-2019,Tuesday,1,0,63,1,4.06,15.52,Sunny
06-02-2019,Wednesday,0,0,93,5,3.34,5.57,Sunny
07-02-2019,Thursday,0,1,112,3,3.58,10.43,Partially Cloudy
08-02-2019,Friday,0,0,85,5,4.12,4.13,Light rain
09-02-2019,Saturday,1,0,67,3,3.55,6.29,Partially Cloudy
10-02-2019,Sunday,1,0,45,1,4.12,10.92,Heavy rain
11-02-2019,Monday,0,0,91,6,4.13,3.67,Partially Cloudy
12-02-2019,Tuesday,1,1,56,3,3.78,4.94,Heavy rain
13-02-2019,Wednesday,0,0,82,5,3.82,4.29,Heavy rain
14-02-2019,Thursday,1,0,56,3,4.08,4.58,Heavy rain
15-02-2019,Friday,0,0,61,6,3.21,3.17,Sunny
16-02-2019,Saturday,1,0,39,2,3.68,5.3,Heavy rain
17-02-2019,Sunday,1,0,33,3,3.04,3.62,Heavy rain
18-02-2019,Monday,0,0,69,4,4.19,4.12,Heavy rain
19-02-2019,Tuesday,0,0,61,5,3.92,3.11,Light rain
20-02-2019,Wednesday,1,0,30,1,4.37,6.86,Sunny
21-02-2019,Thursday,0,0,84,5,4.03,4.17,Partially Cloudy
22-02-2019,Friday,1,1,87,2,3.53,12.32,Partially Cloudy
23-02-2019,Saturday,1,0,34,1,3.81,8.92,Sunny
24-02-2019,Sunday,1,0,19,4,4.1,1.16,Heavy rain
25-02-2019,Monday,0,0,80,3,4.16,6.41,Partially Cloudy
26-02-2019,Tuesday,0,0,76,5,3.79,4.01,Heavy rain
27-02-2019,Wednesday,0,0,78,6,3.16,4.11,Light rain
28-02-2019,Thursday,0,1,108,4,3.54,7.63,Heavy rain
01-03-2019,Friday,0,0,46,3,4.07,3.77,Heavy rain
02-03-2019,Saturday,1,0,56,3,4.22,4.42,Light rain
03-03-2019,Sunday,1,0,28,4,3.62,1.93,Partially Cloudy
04-03-2019,Monday,1,1,52,1,4.31,12.06,Heavy rain
05-03-2019,Tuesday,0,0,136,4,4.5,7.56,Sunny
06-03-2019,Wednesday,0,0,70,6,3.99,2.92,Heavy rain
07-03-2019,Thursday,0,0,63,6,4.48,2.34,Partially Cloudy
08-03-2019,Friday,0,0,79,3,3.79,6.95,Light rain
09-03-2019,Saturday,1,0,81,4,3.17,6.39,Sunny
10-03-2019,Sunday,1,0,38,1,4.3,8.84,Heavy rain
11-03-2019,Monday,0,0,53,4,4.36,3.04,Heavy rain
12-03-2019,Tuesday,0,1,128,5,4.41,5.8,Heavy rain
13-03-2019,Wednesday,0,1,118,6,4.12,4.77,Heavy rain
14-03-2019,Thursday,1,0,51,4,3.07,4.15,Heavy rain
15-03-2019,Friday,0,1,142,4,4.5,7.89,Partially Cloudy
16-03-2019,Saturday,1,0,79,2,3.37,11.72,Partially Cloudy
17-03-2019,Sunday,1,1,140,4,3.15,11.11,Sunny
18-03-2019,Monday,0,0,68,3,3.79,5.98,Sunny
19-03-2019,Tuesday,0,0,92,3,4.03,7.61,Partially Cloudy
20-03-2019,Wednesday,0,0,41,5,3.56,2.3,Heavy rain
21-03-2019,Thursday,0,1,156,5,4.39,7.11,Sunny
22-03-2019,Friday,0,0,102,6,3.54,4.8,Partially Cloudy
23-03-2019,Saturday,1,0,36,4,3.1,2.9,Sunny
24-03-2019,Sunday,1,0,36,1,3.32,10.84,Heavy rain
25-03-2019,Monday,0,0,71,4,3.11,5.71,Heavy rain
26-03-2019,Tuesday,0,1,135,4,3.04,11.1,Light rain
27-03-2019,Wednesday,0,0,65,5,3.94,3.3,Heavy rain
28-03-2019,Thursday,0,0,86,5,4.08,4.22,Heavy rain
29-03-2019,Friday,0,0,41,6,3.36,2.03,Heavy rain
30-03-2019,Saturday,1,0,30,4,3.59,2.09,Sunny
31-03-2019,Sunday,1,0,36,3,3.92,3.06,Sunny
01-04-2019,Monday,0,0,114,6,3.24,5.86,Light rain
02-04-2019,Tuesday,0,0,88,5,3.01,5.85,Light rain
03-04-2019,Wednesday,0,0,76,3,4.04,6.27,Partially Cloudy
04-04-2019,Thursday,0,0,73,6,4.17,2.92,Partially Cloudy
05-04-2019,Friday,0,0,53,3,3.74,4.72,Light rain
06-04-2019,Saturday,1,0,44,2,4.19,5.25,Partially Cloudy
07-04-2019,Sunday,1,1,33,3,3.38,3.25,Heavy rain
08-04-2019,Monday,0,1,74,4,3.86,4.79,Heavy rain
09-04-2019,Tuesday,0,0,59,6,3.71,2.65,Light rain
10-04-2019,Wednesday,0,0,74,6,3.07,4.02,Sunny
11-04-2019,Thursday,0,0,120,6,3.21,6.23,Sunny
12-04-2019,Friday,0,1,96,6,3.74,4.28,Heavy rain
13-04-2019,Saturday,1,0,34,3,3.71,3.05,Light rain
14-04-2019,Sunday,1,1,49,4,3.88,3.16,Light rain
15-04-2019,Monday,0,0,118,5,3.16,7.47,Light rain
16-04-2019,Tuesday,1,0,37,2,4.37,4.23,Partially Cloudy
17-04-2019,Wednesday,0,0,53,3,3.19,5.54,Heavy rain
18-04-2019,Thursday,0,1,142,3,3.66,12.93,Light rain
19-04-2019,Friday,0,0,66,4,3.59,4.6,Light rain
20-04-2019,Saturday,1,0,26,4,3.89,1.67,Partially Cloudy
21-04-2019,Sunday,1,0,52,1,3.51,14.81,Sunny
22-04-2019,Monday,0,1,136,4,4.22,8.06,Sunny
23-04-2019,Tuesday,0,0,72,3,4.25,5.65,Partially Cloudy
24-04-2019,Wednesday,0,0,76,4,3.95,4.81,Heavy rain
25-04-2019,Thursday,0,0,100,5,4.24,4.72,Sunny
26-04-2019,Friday,0,0,86,6,4.37,3.28,Sunny
27-04-2019,Saturday,1,0,24,4,3,2,Heavy rain
28-04-2019,Sunday,1,0,27,3,4.32,2.08,Light rain
29-04-2019,Monday,0,0,51,3,3.57,4.76,Heavy rain
30-04-2019,Tuesday,0,0,55,3,3.42,5.36,Heavy rain
01-05-2019,Wednesday,0,0,51,6,4.21,2.02,Heavy rain
02-05-2019,Thursday,0,0,67,4,3.92,4.27,Heavy rain
03-05-2019,Friday,0,0,84,6,3.04,4.61,Heavy rain
04-05-2019,Saturday,1,0,79,2,3.93,10.05,Sunny
05-05-2019,Sunday,1,0,56,1,4.39,12.76,Heavy rain
06-05-2019,Monday,0,0,103,3,3.79,9.06,Partially Cloudy
07-05-2019,Tuesday,0,0,97,6,3.66,4.42,Partially Cloudy
08-05-2019,Wednesday,0,0,71,6,3.42,3.46,Light rain
09-05-2019,Thursday,0,1,138,3,4.39,10.48,Sunny
10-05-2019,Friday,0,0,90,5,4.26,4.23,Partially Cloudy
11-05-2019,Saturday,1,0,74,3,4.49,5.49,Light rain
12-05-2019,Sunday,1,0,78,3,4.37,5.95,Sunny
13-05-2019,Monday,0,0,113,5,4.02,5.62,Partially Cloudy
14-05-2019,Tuesday,0,0,116,6,4.36,4.43,Light rain
15-05-2019,Wednesday,0,0,87,6,4.33,3.35,Heavy rain
16-05-2019,Thursday,0,0,98,5,3.97,4.94,Light rain
17-05-2019,Friday,0,0,61,4,3.03,5.03,Light rain
18-05-2019,Saturday,1,0,24,3,3.09,2.59,Light rain
19-05-2019,Sunday,1,0,65,4,3.92,4.15,Partially Cloudy
20-05-2019,Monday,0,0,120,3,3.61,11.08,Light rain
21-05-2019,Tuesday,0,0,69,3,3.54,6.5,Partially Cloudy
22-05-2019,Wednesday,0,0,82,5,3.54,4.63,Heavy rain
23-05-2019,Thursday,0,0,68,3,4.29,5.28,Heavy rain
24-05-2019,Friday,0,1,117,3,4.05,9.63,Heavy rain
25-05-2019,Saturday,1,0,70,1,3.42,20.47,Light rain
26-05-2019,Sunday,1,0,52,2,3.75,6.93,Heavy rain
27-05-2019,Monday,0,0,99,5,3.14,6.31,Light rain
28-05-2019,Tuesday,0,0,74,6,3.84,3.21,Sunny
29-05-2019,Wednesday,0,1,136,5,3.87,7.03,Light rain
30-05-2019,Thursday,0,0,80,3,4.2,6.35,Sunny
31-05-2019,Friday,0,0,93,3,3.97,7.81,Partially Cloudy
01-06-2019,Saturday,1,0,48,2,3.53,6.8,Sunny
02-06-2019,Sunday,1,0,53,4,3.28,4.04,Light rain
03-06-2019,Monday,0,0,98,4,3.75,6.53,Light rain
04-06-2019,Tuesday,0,0,56,5,4.48,2.5,Light rain
05-06-2019,Wednesday,1,0,51,1,4.31,11.83,Light rain
06-06-2019,Thursday,0,0,103,4,4.07,6.33,Partially Cloudy
07-06-2019,Friday,0,0,115,4,3.9,7.37,Partially Cloudy
08-06-2019,Saturday,1,0,36,3,4.35,2.76,Heavy rain
09-06-2019,Sunday,1,0,46,3,3.94,3.89,Heavy rain
10-06-2019,Monday,1,0,79,3,4.36,6.04,Light rain
11-06-2019,Tuesday,0,1,98,3,3.9,8.38,Heavy rain
12-06-2019,Wednesday,0,0,52,6,4.44,1.95,Heavy rain
13-06-2019,Thursday,0,1,132,3,4.36,10.09,Heavy rain
14-06-2019,Friday,0,0,100,6,3.7,4.5,Partially Cloudy
15-06-2019,Saturday,1,0,39,2,4.28,4.56,Sunny
16-06-2019,Sunday,1,0,65,3,3.71,5.84,Light rain
17-06-2019,Monday,0,1,166,5,3.95,8.41,Light rain
18-06-2019,Tuesday,0,0,81,6,4.25,3.18,Light rain
19-06-2019,Wednesday,0,1,167,6,3.25,8.56,Sunny
20-06-2019,Thursday,0,1,97,5,3.7,5.24,Light rain
21-06-2019,Friday,0,0,110,6,3.59,5.11,Light rain
22-06-2019,Saturday,1,0,25,1,4.39,5.69,Sunny
23-06-2019,Sunday,1,0,24,1,3.96,6.06,Heavy rain
24-06-2019,Monday,0,0,70,3,4.03,5.79,Light rain
25-06-2019,Tuesday,0,0,105,3,3.02,11.59,Sunny
26-06-2019,Wednesday,0,0,113,5,3.98,5.68,Light rain
27-06-2019,Thursday,0,0,78,4,4.07,4.79,Light rain
28-06-2019,Friday,0,0,138,6,4.1,5.61,Sunny
29-06-2019,Saturday,1,0,27,4,3.22,2.1,Partially Cloudy
30-06-2019,Sunday,1,0,19,3,3.53,1.79,Heavy rain
01-07-2019,Monday,1,0,74,4,3.17,5.84,Partially Cloudy
02-07-2019,Tuesday,0,1,104,3,4.16,8.33,Heavy rain
03-07-2019,Wednesday,0,0,79,3,3.22,8.18,Partially Cloudy
04-07-2019,Thursday,0,0,45,6,3.38,2.22,Heavy rain
05-07-2019,Friday,0,0,84,5,3.73,4.5,Partially Cloudy
06-07-2019,Saturday,1,0,52,2,4.28,6.07,Light rain
07-07-2019,Sunday,1,0,31,3,3.33,3.1,Partially Cloudy
08-07-2019,Monday,1,0,40,4,3.77,2.65,Heavy rain
09-07-2019,Tuesday,1,1,111,4,3.34,8.31,Partially Cloudy
10-07-2019,Wednesday,1,0,61,2,3.14,9.71,Partially Cloudy
11-07-2019,Thursday,0,1,117,6,4.08,4.78,Light rain
12-07-2019,Friday,0,1,210,5,3.9,10.77,Sunny
13-07-2019,Saturday,1,0,32,2,3.03,5.28,Light rain
14-07-2019,Sunday,1,1,46,1,3.06,15.03,Sunny
15-07-2019,Monday,0,0,78,3,3.18,8.18,Sunny
16-07-2019,Tuesday,1,1,61,3,3.52,5.78,Partially Cloudy
17-07-2019,Wednesday,0,1,85,6,3.71,3.82,Heavy rain
18-07-2019,Thursday,0,0,107,3,3.86,9.24,Light rain
19-07-2019,Friday,0,0,78,5,4.13,3.78,Partially Cloudy
20-07-2019,Saturday,1,0,36,2,4.11,4.38,Heavy rain
21-07-2019,Sunday,1,0,24,1,3.11,7.72,Heavy rain
22-07-2019,Monday,0,1,214,4,4.26,12.56,Sunny
23-07-2019,Tuesday,0,0,98,5,3.63,5.4,Sunny
24-07-2019,Wednesday,0,0,116,5,4.37,5.31,Light rain
25-07-2019,Thursday,0,0,118,4,3.32,8.89,Partially Cloudy
26-07-2019,Friday,0,0,63,3,4.33,4.85,Partially Cloudy
27-07-2019,Saturday,1,0,55,4,3.97,3.46,Light rain
28-07-2019,Sunday,1,0,54,3,3.28,5.49,Sunny
29-07-2019,Monday,0,0,60,5,3.07,3.91,Heavy rain
30-07-2019,Tuesday,0,1,147,4,4.41,8.33,Partially Cloudy
31-07-2019,Wednesday,0,0,86,4,4.21,5.11,Light rain
01-08-2019,Thursday,0,1,176,6,4.02,7.3,Sunny
02-08-2019,Friday,0,0,55,6,4.09,2.24,Partially Cloudy
03-08-2019,Saturday,1,0,92,3,3.95,7.76,Sunny
04-08-2019,Sunday,1,0,64,2,3.21,9.97,Partially Cloudy
05-08-2019,Monday,0,1,138,5,3.91,7.06,Heavy rain
06-08-2019,Tuesday,0,0,60,3,3.79,5.28,Sunny
07-08-2019,Wednesday,0,0,94,3,4.48,6.99,Light rain
08-08-2019,Thursday,0,0,50,5,4.41,2.27,Light rain
09-08-2019,Friday,0,0,144,6,3.75,6.4,Sunny
10-08-2019,Saturday,1,0,74,4,4.12,4.49,Partially Cloudy
11-08-2019,Sunday,1,0,24,3,3.28,2.44,Partially Cloudy
12-08-2019,Monday,1,0,22,3,4.24,1.73,Heavy rain
13-08-2019,Tuesday,0,1,117,5,3.81,6.14,Partially Cloudy
14-08-2019,Wednesday,0,0,130,3,3.08,14.07,Sunny
15-08-2019,Thursday,0,0,116,5,4.36,5.32,Partially Cloudy
16-08-2019,Friday,0,0,95,4,3.31,7.18,Heavy rain
17-08-2019,Saturday,1,0,63,2,4.37,7.21,Heavy rain
18-08-2019,Sunday,1,0,53,4,4.26,3.11,Light rain
19-08-2019,Monday,0,0,75,3,3.29,7.6,Sunny
20-08-2019,Tuesday,0,0,108,3,3.29,10.94,Light rain
21-08-2019,Wednesday,0,0,129,5,3.96,6.52,Sunny
22-08-2019,Thursday,1,1,70,3,3.78,6.17,Light rain
23-08-2019,Friday,0,1,208,6,4.46,7.77,Sunny
24-08-2019,Saturday,1,0,69,2,4.47,7.72,Partially Cloudy
25-08-2019,Sunday,1,0,64,4,4.03,3.97,Partially Cloudy
26-08-2019,Monday,0,0,117,6,4.48,4.35,Sunny
27-08-2019,Tuesday,0,0,92,3,3.27,9.38,Heavy rain
28-08-2019,Wednesday,0,0,86,4,4.4,4.89,Sunny
29-08-2019,Thursday,0,0,64,4,3.24,4.94,Light rain
30-08-2019,Friday,0,0,85,5,3.18,5.35,Heavy rain
31-08-2019,Saturday,1,1,43,4,4.5,2.39,Partially Cloudy
01-09-2019,Sunday,1,0,51,2,4.08,6.25,Partially Cloudy
02-09-2019,Monday,0,0,108,4,3.37,8.01,Light rain
03-09-2019,Tuesday,0,1,97,4,4.38,5.54,Heavy rain
04-09-2019,Wednesday,0,0,120,3,3.56,11.24,Partially Cloudy
05-09-2019,Thursday,0,1,93,3,4.25,7.29,Heavy rain
06-09-2019,Friday,0,0,64,3,3.68,5.8,Heavy rain
07-09-2019,Saturday,1,1,33,2,3.43,4.81,Light rain
08-09-2019,Sunday,1,0,21,3,4.31,1.62,Light rain
09-09-2019,Monday,0,1,205,5,3.25,12.62,Sunny
10-09-2019,Tuesday,0,0,73,5,4.09,3.57,Heavy rain
11-09-2019,Wednesday,0,1,90,6,3.46,4.34,Light rain
12-09-2019,Thursday,0,0,116,3,3.81,10.15,Light rain
13-09-2019,Friday,0,0,54,6,3.49,2.58,Partially Cloudy
14-09-2019,Saturday,1,1,58,2,4.44,6.53,Partially Cloudy
15-09-2019,Sunday,1,0,26,4,3.3,1.97,Partially Cloudy
16-09-2019,Monday,0,0,101,4,4.09,6.17,Light rain
17-09-2019,Tuesday,0,0,101,3,4.43,7.6,Partially Cloudy
18-09-2019,Wednesday,0,0,111,6,4.41,4.2,Sunny
19-09-2019,Thursday,0,0,60,6,3.59,2.79,Sunny
20-09-2019,Friday,1,0,63,1,3.59,17.55,Partially Cloudy
21-09-2019,Saturday,1,1,37,2,3.78,4.89,Partially Cloudy
22-09-2019,Sunday,1,1,106,3,3.51,10.07,Light rain
23-09-2019,Monday,1,0,54,1,3.3,16.36,Heavy rain
24-09-2019,Tuesday,0,1,93,4,3.82,6.09,Light rain
25-09-2019,Wednesday,0,0,94,3,4.06,7.72,Partially Cloudy
26-09-2019,Thursday,0,0,62,6,3.28,3.15,Sunny
27-09-2019,Friday,0,0,82,3,3.23,8.46,Partially Cloudy
28-09-2019,Saturday,1,0,34,3,3.01,3.77,Light rain
29-09-2019,Sunday,1,1,109,3,3.65,9.95,Light rain
30-09-2019,Monday,0,0,94,3,3.61,8.68,Light rain
01-10-2019,Tuesday,0,0,90,6,4.16,3.61,Sunny
02-10-2019,Wednesday,0,0,80,6,3.4,3.92,Heavy rain
03-10-2019,Thursday,0,0,69,6,4.12,2.79,Heavy rain
04-10-2019,Friday,1,0,28,1,4.23,6.62,Heavy rain
05-10-2019,Saturday,1,0,32,3,3.29,3.24,Partially Cloudy
06-10-2019,Sunday,1,1,40,4,3.63,2.75,Partially Cloudy
07-10-2019,Monday,0,1,99,5,4.04,4.9,Heavy rain
08-10-2019,Tuesday,0,1,159,6,4.01,6.61,Light rain
09-10-2019,Wednesday,0,0,62,3,3.82,5.41,Sunny
10-10-2019,Thursday,0,0,115,3,4.21,9.11,Light rain
11-10-2019,Friday,0,0,75,5,3.86,3.89,Partially Cloudy
12-10-2019,Saturday,1,1,69,4,3.25,5.31,Heavy rain
13-10-2019,Sunday,1,0,79,4,4.3,4.59,Light rain
14-10-2019,Monday,0,0,59,4,3.21,4.6,Light rain
15-10-2019,Tuesday,0,0,117,5,3.53,6.63,Sunny
16-10-2019,Wednesday,0,0,93,5,3.8,4.89,Heavy rain
17-10-2019,Thursday,0,0,68,5,3.03,4.49,Partially Cloudy
18-10-2019,Friday,0,0,94,5,4.1,4.59,Sunny
19-10-2019,Saturday,1,0,31,4,4.04,1.92,Light rain
20-10-2019,Sunday,1,0,65,1,3.92,16.58,Partially Cloudy
21-10-2019,Monday,0,0,68,6,3.43,3.3,Sunny
22-10-2019,Tuesday,0,0,92,3,3.56,8.61,Heavy rain
23-10-2019,Wednesday,0,0,140,4,3.81,9.19,Sunny
24-10-2019,Thursday,0,0,65,6,3.7,2.93,Heavy rain
25-10-2019,Friday,0,0,117,5,3.16,7.41,Light rain
26-10-2019,Saturday,1,0,33,3,4.48,2.46,Sunny
27-10-2019,Sunday,1,0,32,1,3.55,9.01,Heavy rain
28-10-2019,Monday,0,0,87,3,4.36,6.65,Heavy rain
29-10-2019,Tuesday,0,0,58,6,3.51,2.75,Light rain
30-10-2019,Wednesday,1,1,96,1,3.51,27.35,Heavy rain
31-10-2019,Thursday,0,0,114,5,3.52,6.48,Partially Cloudy
01-11-2019,Friday,0,1,177,3,4.04,14.6,Light rain
02-11-2019,Saturday,1,0,18,4,3.05,1.48,Heavy rain
03-11-2019,Sunday,1,0,51,1,3,17,Partially Cloudy
04-11-2019,Monday,1,0,27,1,3.8,7.11,Light rain
05-11-2019,Tuesday,0,0,88,6,4.21,3.48,Light rain
06-11-2019,Wednesday,0,0,93,6,3.93,3.94,Sunny
07-11-2019,Thursday,0,1,99,4,3.31,7.48,Light rain
08-11-2019,Friday,0,1,185,6,4.42,6.98,Sunny
09-11-2019,Saturday,1,0,59,1,3.47,17,Heavy rain
10-11-2019,Sunday,1,0,64,4,4.29,3.73,Light rain
11-11-2019,Monday,0,0,94,3,4.04,7.76,Partially Cloudy
12-11-2019,Tuesday,0,0,72,5,3.86,3.73,Partially Cloudy
13-11-2019,Wednesday,0,0,102,5,3.77,5.41,Sunny
14-11-2019,Thursday,0,0,76,4,4.18,4.55,Sunny
15-11-2019,Friday,0,0,62,4,4.16,3.73,Light rain
16-11-2019,Saturday,1,0,22,4,3.44,1.6,Light rain
17-11-2019,Sunday,1,0,32,3,3.95,2.7,Light rain
18-11-2019,Monday,0,1,86,4,3.67,5.86,Heavy rain
19-11-2019,Tuesday,1,1,91,3,3.4,8.92,Partially Cloudy
20-11-2019,Wednesday,0,0,92,5,3.36,5.48,Heavy rain
21-11-2019,Thursday,0,0,48,5,3.96,2.42,Heavy rain
22-11-2019,Friday,1,0,29,3,3.76,2.57,Partially Cloudy
23-11-2019,Saturday,1,1,43,3,4.4,3.26,Heavy rain
24-11-2019,Sunday,1,0,24,3,3.45,2.32,Heavy rain
25-11-2019,Monday,0,0,84,5,4.38,3.84,Partially Cloudy
26-11-2019,Tuesday,0,0,51,6,3.17,2.68,Heavy rain
27-11-2019,Wednesday,0,1,178,4,4.22,10.55,Light rain
28-11-2019,Thursday,0,0,93,5,3.79,4.91,Sunny
29-11-2019,Friday,0,0,82,4,3.43,5.98,Partially Cloudy
30-11-2019,Saturday,1,0,65,3,4.09,5.3,Partially Cloudy
01-12-2019,Sunday,1,0,54,4,3.04,4.44,Heavy rain
02-12-2019,Monday,0,0,50,5,4.48,2.23,Heavy rain
03-12-2019,Tuesday,0,0,105,6,4.22,4.15,Partially Cloudy
04-12-2019,Wednesday,0,0,61,5,3.05,4,Sunny
05-12-2019,Thursday,0,1,73,4,3.86,4.73,Heavy rain
06-12-2019,Friday,1,1,58,4,3.61,4.02,Partially Cloudy
07-12-2019,Saturday,1,0,64,4,4.05,3.95,Partially Cloudy
08-12-2019,Sunday,1,0,26,3,3.5,2.48,Sunny
09-12-2019,Monday,0,0,87,4,4,5.44,Partially Cloudy
10-12-2019,Tuesday,0,0,108,5,4.21,5.13,Light rain
11-12-2019,Wednesday,0,0,81,4,3.53,5.74,Light rain
12-12-2019,Thursday,0,0,88,4,4.05,5.43,Sunny
13-12-2019,Friday,0,1,135,5,3.64,7.42,Sunny
14-12-2019,Saturday,1,1,52,2,3.32,7.83,Heavy rain
15-12-2019,Sunday,1,1,42,4,3.62,2.9,Heavy rain
16-12-2019,Monday,0,0,60,6,3.82,2.62,Heavy rain
17-12-2019,Tuesday,0,0,113,3,4.27,8.82,Partially Cloudy
18-12-2019,Wednesday,0,1,171,5,4.32,7.92,Light rain
19-12-2019,Thursday,0,0,77,5,3.79,4.06,Partially Cloudy
20-12-2019,Friday,0,0,53,4,3.59,3.69,Heavy rain
21-12-2019,Saturday,1,0,61,4,3.27,4.66,Sunny
22-12-2019,Sunday,1,0,58,4,4.33,3.35,Sunny
23-12-2019,Monday,0,0,44,5,4.07,2.16,Heavy rain
24-12-2019,Tuesday,0,1,199,5,4.18,9.52,Sunny
25-12-2019,Wednesday,1,0,60,3,4.41,4.54,Heavy rain
26-12-2019,Thursday,0,0,108,5,3.78,5.71,Light rain
27-12-2019,Friday,0,0,85,6,3.25,4.36,Sunny
28-12-2019,Saturday,1,0,49,3,3.3,4.95,Light rain
29-12-2019,Sunday,1,0,58,2,3.5,8.29,Partially Cloudy
30-12-2019,Monday,0,0,98,6,4.22,3.87,Partially Cloudy
31-12-2019,Tuesday,0,0,92,4,3.46,6.65,Heavy rain
01-01-2020,Wednesday,0,0,124,4,3.33,9.31,Sunny
02-01-2020,Thursday,1,1,57,2,3.04,9.38,Sunny
03-01-2020,Friday,0,1,97,5,3.2,6.06,Sunny
04-01-2020,Saturday,1,0,25,1,4.34,5.76,Partially Cloudy
05-01-2020,Sunday,1,0,37,1,3.6,10.28,Light rain
06-01-2020,Monday,0,0,41,6,4.21,1.62,Heavy rain
07-01-2020,Tuesday,0,0,89,3,3.74,7.93,Light rain
08-01-2020,Wednesday,0,0,88,5,3.8,4.63,Heavy rain
09-01-2020,Thursday,0,1,162,6,3.37,8.01,Light rain
10-01-2020,Friday,0,0,56,5,3.39,3.3,Heavy rain
11-01-2020,Saturday,1,1,115,2,3.63,15.84,Light rain
12-01-2020,Sunday,1,0,24,3,4.17,1.92,Light rain
13-01-2020,Monday,0,0,73,5,3.57,4.09,Sunny
14-01-2020,Tuesday,0,1,128,4,3.97,8.06,Heavy rain
15-01-2020,Wednesday,0,1,142,3,4.38,10.81,Light rain
16-01-2020,Thursday,0,0,114,5,3.79,6.02,Partially Cloudy
17-01-2020,Friday,0,1,79,6,3.16,4.17,Heavy rain
18-01-2020,Saturday,1,1,73,2,4.5,8.11,Sunny
19-01-2020,Sunday,1,0,25,3,3.14,2.65,Light rain
20-01-2020,Monday,0,0,55,5,4.5,2.44,Partially Cloudy
21-01-2020,Tuesday,0,0,91,3,3.93,7.72,Partially Cloudy
22-01-2020,Wednesday,0,0,142,4,4.21,8.43,Sunny
23-01-2020,Thursday,0,0,66,6,4.06,2.71,Partially Cloudy
24-01-2020,Friday,0,0,128,3,3.54,12.05,Sunny
25-01-2020,Saturday,1,0,16,2,4.2,1.9,Heavy rain
26-01-2020,Sunday,1,1,52,1,4.24,12.26,Sunny
27-01-2020,Monday,1,0,29,4,4.4,1.65,Partially Cloudy
28-01-2020,Tuesday,0,0,79,4,3.56,5.55,Light rain
29-01-2020,Wednesday,0,0,97,6,3.8,4.25,Light rain
30-01-2020,Thursday,0,0,92,3,3.57,8.59,Heavy rain
31-01-2020,Friday,0,0,123,4,3.32,9.26,Sunny
01-02-2020,Saturday,1,0,64,4,4.33,3.7,Partially Cloudy
02-02-2020,Sunday,1,0,42,1,4,10.5,Light rain
03-02-2020,Monday,0,0,67,6,3.9,2.86,Heavy rain
04-02-2020,Tuesday,0,0,87,3,4.06,7.14,Partially Cloudy
05-02-2020,Wednesday,0,0,53,5,3.61,2.94,Light rain
06-02-2020,Thursday,0,1,100,5,3.11,6.43,Light rain
07-02-2020,Friday,1,0,76,4,3.63,5.23,Sunny
08-02-2020,Saturday,1,0,38,1,4.19,9.07,Partially Cloudy
09-02-2020,Sunday,1,0,42,4,4.07,2.58,Partially Cloudy
10-02-2020,Monday,0,0,50,6,4.37,1.91,Partially Cloudy
11-02-2020,Tuesday,0,0,105,5,3.82,5.5,Partially Cloudy
12-02-2020,Wednesday,0,0,107,4,4.13,6.48,Light rain
13-02-2020,Thursday,0,0,99,6,3.38,4.88,Partially Cloudy
14-02-2020,Friday,0,0,55,5,3.74,2.94,Heavy rain
15-02-2020,Saturday,1,0,42,3,3.78,3.7,Partially Cloudy
16-02-2020,Sunday,1,0,52,1,4.3,12.09,Light rain
17-02-2020,Monday,0,0,64,6,4.17,2.56,Light rain
18-02-2020,Tuesday,0,0,87,5,3.29,5.29,Light rain
19-02-2020,Wednesday,0,0,118,5,4.36,5.41,Light rain
20-02-2020,Thursday,0,0,139,5,3.46,8.03,Sunny
21-02-2020,Friday,1,0,78,4,3.75,5.2,Partially Cloudy
22-02-2020,Saturday,1,1,30,4,3.56,2.11,Heavy rain
23-02-2020,Sunday,1,0,29,3,3.09,3.13,Light rain
24-02-2020,Monday,0,0,92,4,3.52,6.53,Sunny
25-02-2020,Tuesday,0,0,99,6,3.02,5.46,Partially Cloudy
26-02-2020,Wednesday,0,0,53,4,3.39,3.91,Light rain
27-02-2020,Thursday,0,0,96,3,3.05,10.49,Sunny
28-02-2020,Friday,0,0,70,6,3.87,3.01,Partially Cloudy
29-02-2020,Saturday,1,0,46,3,3.01,5.09,Light rain
01-03-2020,Sunday,1,1,138,4,4.04,8.54,Sunny
02-03-2020,Monday,1,0,51,2,4.13,6.17,Sunny
03-03-2020,Tuesday,0,1,126,5,3.07,8.21,Light rain
04-03-2020,Wednesday,0,0,63,4,3.01,5.23,Partially Cloudy
05-03-2020,Thursday,0,0,72,4,4.2,4.29,Partially Cloudy
06-03-2020,Friday,0,0,69,3,4.07,5.65,Heavy rain
07-03-2020,Saturday,1,0,60,2,3.1,9.68,Heavy rain
08-03-2020,Sunday,1,0,40,4,3.91,2.56,Light rain
09-03-2020,Monday,1,0,50,1,3.12,16.03,Sunny
10-03-2020,Tuesday,1,0,30,3,4.16,2.4,Sunny
11-03-2020,Wednesday,1,1,31,4,4.27,1.81,Light rain
12-03-2020,Thursday,0,0,84,3,3.7,7.57,Heavy rain
13-03-2020,Friday,0,0,65,4,3.66,4.44,Partially Cloudy
14-03-2020,Saturday,1,0,48,2,3.04,7.89,Light rain
15-03-2020,Sunday,1,0,77,1,3.87,19.9,Light rain
16-03-2020,Monday,1,0,44,3,3.9,3.76,Partially Cloudy
17-03-2020,Tuesday,0,0,96,6,3.88,4.12,Partially Cloudy
18-03-2020,Wednesday,0,1,82,6,3.85,3.55,Light rain
19-03-2020,Thursday,0,0,77,6,4.2,3.06,Heavy rain
20-03-2020,Friday,0,0,55,6,4.15,2.21,Light rain
21-03-2020,Saturday,1,0,25,1,3.47,7.2,Heavy rain
22-03-2020,Sunday,1,0,31,4,3.25,2.38,Light rain
23-03-2020,Monday,1,0,57,3,3.89,4.88,Heavy rain
24-03-2020,Tuesday,0,1,108,5,3.18,6.79,Heavy rain
25-03-2020,Wednesday,0,0,78,6,3.22,4.04,Light rain
26-03-2020,Thursday,0,0,96,3,3.5,9.14,Light rain
27-03-2020,Friday,0,0,113,5,3.09,7.31,Partially Cloudy
28-03-2020,Saturday,1,0,76,1,4.46,17.04,Partially Cloudy
29-03-2020,Sunday,1,0,20,2,4.45,2.25,Partially Cloudy
30-03-2020,Monday,0,0,84,5,3.9,4.31,Partially Cloudy
31-03-2020,Tuesday,0,0,86,6,3.41,4.2,Partially Cloudy
01-04-2020,Wednesday,0,0,109,4,4.38,6.22,Partially Cloudy
02-04-2020,Thursday,0,0,56,3,4.27,4.37,Partially Cloudy
03-04-2020,Friday,0,0,57,5,3.98,2.86,Light rain
04-04-2020,Saturday,1,0,67,2,3.3,10.15,Sunny
05-04-2020,Sunday,1,0,33,2,3.63,4.55,Sunny
06-04-2020,Monday,0,1,98,5,3.76,5.21,Heavy rain
07-04-2020,Tuesday,0,0,87,4,4.1,5.3,Light rain
08-04-2020,Wednesday,0,1,115,3,3.36,11.41,Sunny
09-04-2020,Thursday,0,0,53,5,4.43,2.39,Partially Cloudy
10-04-2020,Friday,0,0,67,6,3.49,3.2,Partially Cloudy
11-04-2020,Saturday,1,0,63,4,3.59,4.39,Light rain
12-04-2020,Sunday,1,0,69,2,3.24,10.65,Sunny
13-04-2020,Monday,0,1,144,6,3.12,7.69,Sunny
14-04-2020,Tuesday,1,0,56,3,3.38,5.52,Light rain
15-04-2020,Wednesday,0,1,133,6,3.98,5.57,Sunny
16-04-2020,Thursday,0,0,121,5,3.68,6.58,Sunny
17-04-2020,Friday,1,1,55,2,4.33,6.35,Light rain
18-04-2020,Saturday,1,0,39,1,3.3,11.82,Partially Cloudy
19-04-2020,Sunday,1,0,70,1,4.4,15.91,Sunny
20-04-2020,Monday,0,0,84,3,3.48,8.05,Light rain
21-04-2020,Tuesday,0,0,127,3,4.1,10.33,Sunny
22-04-2020,Wednesday,0,0,90,4,3.11,7.23,Heavy rain
23-04-2020,Thursday,1,0,30,2,4.49,3.34,Partially Cloudy
24-04-2020,Friday,1,0,51,2,4.49,5.68,Partially Cloudy
25-04-2020,Saturday,1,0,62,2,4.49,6.9,Heavy rain
26-04-2020,Sunday,1,0,21,4,4.02,1.31,Heavy rain
27-04-2020,Monday,0,1,108,5,4.09,5.28,Heavy rain
28-04-2020,Tuesday,0,0,80,4,3.99,5.01,Partially Cloudy
29-04-2020,Wednesday,0,0,70,6,4.28,2.73,Sunny
30-04-2020,Thursday,0,1,170,6,3,9.44,Sunny
01-05-2020,Friday,0,0,74,4,3.04,6.09,Heavy rain
02-05-2020,Saturday,1,0,91,4,4.48,5.08,Sunny
03-05-2020,Sunday,1,0,32,1,3.88,8.25,Light rain
04-05-2020,Monday,0,0,63,4,4.37,3.6,Partially Cloudy
05-05-2020,Tuesday,0,0,78,6,3.46,3.76,Sunny
06-05-2020,Wednesday,0,1,116,6,3.35,5.77,Heavy rain
07-05-2020,Thursday,0,0,128,6,3.54,6.03,Sunny
08-05-2020,Friday,0,0,88,6,3.59,4.09,Partially Cloudy
09-05-2020,Saturday,1,1,48,1,3.85,12.47,Partially Cloudy
10-05-2020,Sunday,1,1,91,4,3.7,6.15,Heavy rain
11-05-2020,Monday,0,0,92,5,3.65,5.04,Light rain
12-05-2020,Tuesday,0,0,59,6,3.31,2.97,Heavy rain
13-05-2020,Wednesday,1,0,37,3,3.29,3.75,Sunny
14-05-2020,Thursday,0,0,54,3,4.2,4.29,Light rain
15-05-2020,Friday,1,0,31,2,3.11,4.98,Light rain
16-05-2020,Saturday,1,1,120,2,3.77,15.92,Partially Cloudy
17-05-2020,Sunday,1,0,25,3,4.16,2,Partially Cloudy
18-05-2020,Monday,0,0,54,5,4.24,2.55,Heavy rain
19-05-2020,Tuesday,0,0,89,6,4.17,3.56,Heavy rain
20-05-2020,Wednesday,1,0,21,2,4.5,2.33,Partially Cloudy
21-05-2020,Thursday,0,0,68,4,4.48,3.79,Partially Cloudy
22-05-2020,Friday,0,0,81,3,3.82,7.07,Partially Cloudy
23-05-2020,Saturday,1,0,40,1,3.29,12.16,Partially Cloudy
24-05-2020,Sunday,1,0,54,4,3.67,3.68,Heavy rain
25-05-2020,Monday,0,1,162,6,3.37,8.01,Light rain
26-05-2020,Tuesday,1,0,27,3,3.79,2.37,Sunny
27-05-2020,Wednesday,0,1,142,3,3.69,12.83,Light rain
28-05-2020,Thursday,0,0,118,3,4.38,8.98,Light rain
29-05-2020,Friday,0,0,91,5,3.73,4.88,Light rain
30-05-2020,Saturday,1,0,43,4,4.34,2.48,Heavy rain
31-05-2020,Sunday,1,1,87,4,3.88,5.61,Light rain
01-06-2020,Monday,0,0,79,6,3.41,3.86,Light rain
02-06-2020,Tuesday,1,0,46,3,3.14,4.88,Partially Cloudy
03-06-2020,Wednesday,0,0,53,5,3.31,3.2,Heavy rain
04-06-2020,Thursday,0,0,47,4,3.53,3.33,Heavy rain
05-06-2020,Friday,0,0,55,4,3.11,4.42,Light rain
06-06-2020,Saturday,1,0,65,4,3.11,5.23,Light rain
07-06-2020,Sunday,1,1,32,4,3.05,2.62,Heavy rain
08-06-2020,Monday,0,0,86,6,4.26,3.36,Sunny
09-06-2020,Tuesday,0,0,116,3,3.24,11.93,Partially Cloudy
10-06-2020,Wednesday,0,0,86,6,4,3.58,Sunny
11-06-2020,Thursday,0,0,134,3,4.5,9.93,Sunny
12-06-2020,Friday,0,0,103,4,3.29,7.83,Sunny
13-06-2020,Saturday,1,1,144,3,3.39,14.16,Sunny
14-06-2020,Sunday,1,0,56,3,3.55,5.26,Heavy rain
15-06-2020,Monday,1,0,64,3,3.07,6.95,Heavy rain
16-06-2020,Tuesday,0,0,70,3,3.5,6.67,Sunny
17-06-2020,Wednesday,0,0,52,6,3.21,2.7,Heavy rain
18-06-2020,Thursday,0,0,96,4,3.37,7.12,Heavy rain
19-06-2020,Friday,0,0,82,4,4.36,4.7,Light rain
20-06-2020,Saturday,1,0,30,3,3.78,2.65,Light rain
21-06-2020,Sunday,1,1,93,2,3.96,11.74,Heavy rain
22-06-2020,Monday,0,1,175,4,3.52,12.43,Light rain
23-06-2020,Tuesday,0,0,85,4,4.48,4.74,Partially Cloudy
24-06-2020,Wednesday,0,0,61,3,3.54,5.74,Partially Cloudy
25-06-2020,Thursday,0,0,84,4,3.75,5.6,Sunny
26-06-2020,Friday,0,0,60,5,4.19,2.86,Heavy rain
27-06-2020,Saturday,1,0,30,2,4.42,3.39,Heavy rain
28-06-2020,Sunday,1,0,49,3,3.49,4.68,Heavy rain
29-06-2020,Monday,0,0,79,5,3.71,4.26,Partially Cloudy
30-06-2020,Tuesday,0,0,96,4,4.34,5.53,Heavy rain
01-07-2020,Wednesday,0,0,120,3,3.42,11.7,Sunny
02-07-2020,Thursday,0,1,162,6,3.01,8.97,Partially Cloudy
03-07-2020,Friday,0,0,72,4,4.04,4.46,Sunny
04-07-2020,Saturday,1,0,51,2,3.48,7.33,Partially Cloudy
05-07-2020,Sunday,1,0,60,1,3.3,18.18,Light rain
06-07-2020,Monday,0,0,120,5,4.17,5.76,Light rain
07-07-2020,Tuesday,0,0,92,5,3.6,5.11,Heavy rain
08-07-2020,Wednesday,0,0,80,5,4.15,3.86,Sunny
09-07-2020,Thursday,0,0,53,5,3.37,3.15,Partially Cloudy
10-07-2020,Friday,0,0,60,6,3.98,2.51,Sunny
11-07-2020,Saturday,1,0,33,2,3.42,4.82,Partially Cloudy
12-07-2020,Sunday,1,1,69,3,3.33,6.91,Light rain
13-07-2020,Monday,0,0,95,3,3.78,8.38,Light rain
14-07-2020,Tuesday,0,0,76,6,3.08,4.11,Light rain
15-07-2020,Wednesday,0,0,119,3,4.4,9.02,Light rain
16-07-2020,Thursday,0,0,80,5,3.37,4.75,Heavy rain
17-07-2020,Friday,0,0,126,5,3.49,7.22,Sunny
18-07-2020,Saturday,1,0,70,3,3.23,7.22,Light rain
19-07-2020,Sunday,1,0,56,3,4.26,4.38,Heavy rain
20-07-2020,Monday,0,1,121,5,3.86,6.27,Light rain
21-07-2020,Tuesday,1,1,125,3,3.17,13.14,Sunny
22-07-2020,Wednesday,0,0,124,4,4.27,7.26,Sunny
23-07-2020,Thursday,0,0,60,4,4.17,3.6,Heavy rain
24-07-2020,Friday,0,0,112,6,3.15,5.93,Partially Cloudy
25-07-2020,Saturday,1,0,38,4,4.44,2.14,Light rain
26-07-2020,Sunday,1,0,54,3,4.14,4.35,Light rain
27-07-2020,Monday,0,0,84,6,3.72,3.76,Heavy rain
28-07-2020,Tuesday,0,0,86,3,3.27,8.77,Partially Cloudy
29-07-2020,Wednesday,0,0,105,4,3.22,8.15,Partially Cloudy
30-07-2020,Thursday,0,0,53,4,3.49,3.8,Light rain
31-07-2020,Friday,0,0,67,5,3.89,3.44,Partially Cloudy
01-08-2020,Saturday,1,0,57,2,3.23,8.82,Light rain
02-08-2020,Sunday,1,0,75,2,4.21,8.91,Sunny
03-08-2020,Monday,0,0,114,4,3.33,8.56,Sunny
04-08-2020,Tuesday,0,0,93,5,3.24,5.74,Sunny
05-08-2020,Wednesday,0,1,75,5,4.25,3.53,Heavy rain
06-08-2020,Thursday,0,0,41,6,3.39,2.02,Heavy rain
07-08-2020,Friday,0,0,81,5,3.88,4.18,Partially Cloudy
08-08-2020,Saturday,1,0,51,3,3.22,5.28,Heavy rain
09-08-2020,Sunday,1,0,78,1,4.46,17.49,Light rain
10-08-2020,Monday,0,0,120,6,4.16,4.81,Light rain
11-08-2020,Tuesday,0,1,88,4,3.12,7.05,Light rain
12-08-2020,Wednesday,0,0,128,4,3.51,9.12,Sunny
13-08-2020,Thursday,1,0,25,3,4.39,1.9,Sunny
14-08-2020,Friday,0,0,58,3,4.18,4.63,Partially Cloudy
15-08-2020,Saturday,1,0,45,2,4.23,5.32,Light rain
16-08-2020,Sunday,1,0,69,3,4.5,5.11,Sunny
17-08-2020,Monday,1,0,24,1,4.43,5.42,Heavy rain
18-08-2020,Tuesday,0,0,118,4,3.85,7.66,Partially Cloudy
19-08-2020,Wednesday,0,1,136,6,3.62,6.26,Sunny
20-08-2020,Thursday,0,0,72,6,3.64,3.3,Partially Cloudy
21-08-2020,Friday,0,0,64,4,3.14,5.1,Heavy rain
22-08-2020,Saturday,1,1,49,2,4.2,5.83,Heavy rain
23-08-2020,Sunday,1,1,36,4,3.54,2.54,Sunny
24-08-2020,Monday,0,0,56,3,3.58,5.21,Light rain
25-08-2020,Tuesday,0,0,59,3,3.82,5.15,Light rain
26-08-2020,Wednesday,0,1,115,5,4.39,5.24,Light rain
27-08-2020,Thursday,0,0,82,5,3.36,4.88,Light rain
28-08-2020,Friday,0,1,153,4,3.31,11.56,Light rain
29-08-2020,Saturday,1,0,74,2,4.09,9.05,Light rain
30-08-2020,Sunday,1,0,46,4,3.81,3.02,Partially Cloudy
31-08-2020,Monday,0,0,93,4,3.38,6.88,Sunny
01-09-2020,Tuesday,0,0,42,3,3.83,3.66,Heavy rain
02-09-2020,Wednesday,0,1,157,3,4.14,12.64,Light rain
03-09-2020,Thursday,0,0,106,6,4.47,3.95,Sunny
04-09-2020,Friday,0,0,116,3,4.49,8.61,Light rain
05-09-2020,Saturday,1,0,31,3,4.11,2.51,Heavy rain
06-09-2020,Sunday,1,0,25,3,3.51,2.37,Partially Cloudy
07-09-2020,Monday,0,0,86,4,3.41,6.3,Partially Cloudy
08-09-2020,Tuesday,0,0,58,4,3.02,4.8,Heavy rain
09-09-2020,Wednesday,0,1,199,4,3.92,12.69,Sunny
10-09-2020,Thursday,0,1,157,5,3.02,10.4,Light rain
11-09-2020,Friday,0,0,67,5,3.29,4.07,Sunny
12-09-2020,Saturday,1,0,24,1,3.16,7.59,Sunny
13-09-2020,Sunday,1,0,26,4,3.67,1.77,Light rain
14-09-2020,Monday,0,0,102,5,3.03,6.73,Partially Cloudy
15-09-2020,Tuesday,0,0,117,6,3.27,5.96,Light rain
16-09-2020,Wednesday,0,0,82,5,3.12,5.26,Heavy rain
17-09-2020,Thursday,1,1,122,4,3.58,8.52,Sunny
18-09-2020,Friday,0,0,107,3,3.72,9.59,Partially Cloudy
19-09-2020,Saturday,1,0,72,1,3.9,18.46,Partially Cloudy
20-09-2020,Sunday,1,0,76,3,4.32,5.86,Light rain
21-09-2020,Monday,0,0,79,3,3.42,7.7,Partially Cloudy
22-09-2020,Tuesday,0,0,66,6,3.39,3.24,Sunny
23-09-2020,Wednesday,0,0,80,4,3.66,5.46,Light rain
24-09-2020,Thursday,1,0,67,2,3.87,8.66,Light rain
25-09-2020,Friday,0,0,135,3,3.42,13.16,Sunny
26-09-2020,Saturday,1,0,70,3,3.94,5.92,Light rain
27-09-2020,Sunday,1,0,80,2,3.88,10.31,Partially Cloudy
28-09-2020,Monday,0,0,83,6,3.19,4.34,Light rain
29-09-2020,Tuesday,0,0,82,4,4.23,4.85,Light rain
30-09-2020,Wednesday,0,1,76,6,4.05,3.13,Heavy rain
01-10-2020,Thursday,0,0,108,5,3.73,5.79,Sunny
02-10-2020,Friday,0,0,84,3,3.43,8.16,Heavy rain
03-10-2020,Saturday,1,0,45,1,3.68,12.23,Sunny
04-10-2020,Sunday,1,0,32,1,3.15,10.16,Sunny
05-10-2020,Monday,0,0,63,5,3.02,4.17,Heavy rain
06-10-2020,Tuesday,0,0,97,5,4.38,4.43,Sunny
07-10-2020,Wednesday,0,0,72,3,4.44,5.41,Light rain
08-10-2020,Thursday,1,1,73,1,4.28,17.06,Partially Cloudy
09-10-2020,Friday,0,0,139,5,3.79,7.34,Sunny
10-10-2020,Saturday,1,0,75,3,3.3,7.58,Sunny
11-10-2020,Sunday,1,0,33,1,3.22,10.25,Sunny
12-10-2020,Monday,0,0,142,5,3.05,9.31,Sunny
13-10-2020,Tuesday,0,0,70,3,3.28,7.11,Light rain
14-10-2020,Wednesday,0,0,90,3,3.48,8.62,Heavy rain
15-10-2020,Thursday,0,0,83,6,3.17,4.36,Light rain
16-10-2020,Friday,0,0,64,5,3.1,4.13,Heavy rain
17-10-2020,Saturday,1,0,87,1,3.13,27.8,Sunny
18-10-2020,Sunday,1,0,45,4,3.7,3.04,Partially Cloudy
19-10-2020,Monday,0,1,136,6,3.35,6.77,Heavy rain
20-10-2020,Tuesday,0,0,96,5,3.41,5.63,Heavy rain
21-10-2020,Wednesday,0,0,84,5,4.4,3.82,Heavy rain
22-10-2020,Thursday,0,0,51,6,3.68,2.31,Heavy rain
23-10-2020,Friday,0,0,77,5,3.66,4.21,Light rain
24-10-2020,Saturday,1,0,45,3,3.21,4.67,Heavy rain
25-10-2020,Sunday,1,0,57,2,3.88,7.35,Partially Cloudy
26-10-2020,Monday,0,0,107,5,3.16,6.77,Partially Cloudy
27-10-2020,Tuesday,0,0,84,4,3.65,5.75,Sunny
28-10-2020,Wednesday,0,1,163,5,3.37,9.67,Partially Cloudy
29-10-2020,Thursday,0,0,94,5,3.77,4.99,Heavy rain
30-10-2020,Friday,0,0,76,3,3.4,7.45,Heavy rain
31-10-2020,Saturday,1,0,40,2,3.83,5.22,Light rain
01-11-2020,Sunday,1,0,60,4,3.58,4.19,Heavy rain
02-11-2020,Monday,0,1,85,6,3.35,4.23,Partially Cloudy
03-11-2020,Tuesday,0,1,94,6,4.33,3.62,Partially Cloudy
04-11-2020,Wednesday,0,0,80,4,3.81,5.25,Light rain
05-11-2020,Thursday,0,1,104,6,4.06,4.27,Heavy rain
06-11-2020,Friday,0,0,109,6,3.81,4.77,Light rain
07-11-2020,Saturday,1,0,53,3,4.07,4.34,Heavy rain
08-11-2020,Sunday,1,0,29,2,3.87,3.75,Heavy rain
09-11-2020,Monday,0,0,68,4,3.83,4.44,Light rain
10-11-2020,Tuesday,0,0,95,6,4.17,3.8,Heavy rain
11-11-2020,Wednesday,0,1,129,5,3.08,8.38,Heavy rain
12-11-2020,Thursday,0,0,110,6,4.24,4.32,Partially Cloudy
13-11-2020,Friday,0,0,124,6,4.04,5.12,Sunny
14-11-2020,Saturday,1,0,57,3,3.55,5.35,Partially Cloudy
15-11-2020,Sunday,1,0,52,4,4.17,3.12,Heavy rain
16-11-2020,Monday,0,0,103,6,3.13,5.48,Light rain
17-11-2020,Tuesday,0,0,93,4,3.35,6.94,Partially Cloudy
18-11-2020,Wednesday,0,0,80,4,4.02,4.98,Partially Cloudy
19-11-2020,Thursday,1,0,69,1,3.07,22.48,Light rain
20-11-2020,Friday,0,0,103,4,3.87,6.65,Partially Cloudy
21-11-2020,Saturday,1,0,34,4,3.6,2.36,Partially Cloudy
22-11-2020,Sunday,1,0,49,1,4.07,12.04,Partially Cloudy
23-11-2020,Monday,0,0,67,3,3.47,6.44,Light rain
24-11-2020,Tuesday,0,0,65,4,3.51,4.63,Light rain
25-11-2020,Wednesday,0,0,128,4,4.46,7.17,Sunny
26-11-2020,Thursday,0,0,56,4,3.38,4.14,Heavy rain
27-11-2020,Friday,0,0,83,5,4.02,4.13,Partially Cloudy
28-11-2020,Saturday,1,0,35,1,3.33,10.51,Partially Cloudy
29-11-2020,Sunday,1,0,71,2,3.24,10.96,Partially Cloudy
30-11-2020,Monday,0,0,76,4,4.42,4.3,Heavy rain
01-12-2020,Tuesday,0,0,108,5,3.88,5.57,Partially Cloudy
02-12-2020,Wednesday,0,0,126,6,3.49,6.02,Sunny
03-12-2020,Thursday,0,0,74,5,4.3,3.44,Partially Cloudy
04-12-2020,Friday,0,0,54,6,3.6,2.5,Partially Cloudy
05-12-2020,Saturday,1,0,77,4,4.43,4.35,Partially Cloudy
06-12-2020,Sunday,1,0,51,2,3.38,7.54,Partially Cloudy
07-12-2020,Monday,0,0,83,6,3.24,4.27,Heavy rain
08-12-2020,Tuesday,0,0,78,6,3.26,3.99,Heavy rain
09-12-2020,Wednesday,0,0,141,6,3.44,6.83,Sunny
10-12-2020,Thursday,0,1,187,6,3.8,8.2,Sunny
11-12-2020,Friday,0,1,64,3,3.92,5.44,Heavy rain
12-12-2020,Saturday,1,0,33,4,4.39,1.88,Heavy rain
13-12-2020,Sunday,1,0,46,4,3.15,3.65,Sunny
14-12-2020,Monday,0,0,83,4,4.04,5.14,Heavy rain
15-12-2020,Tuesday,0,0,66,5,4.25,3.11,Partially Cloudy
16-12-2020,Wednesday,0,0,97,5,3.99,4.86,Sunny
17-12-2020,Thursday,0,0,84,6,4.25,3.29,Heavy rain
18-12-2020,Friday,0,0,62,6,3.75,2.76,Light rain
19-12-2020,Saturday,1,0,55,2,3.46,7.95,Partially Cloudy
20-12-2020,Sunday,1,0,77,3,3.38,7.59,Partially Cloudy
21-12-2020,Monday,0,1,174,6,3.43,8.45,Partially Cloudy
22-12-2020,Tuesday,0,0,87,6,4.3,3.37,Light rain
23-12-2020,Wednesday,0,0,80,3,4.08,6.54,Sunny
24-12-2020,Thursday,0,0,114,6,4.17,4.56,Light rain
25-12-2020,Friday,0,0,90,5,3.63,4.96,Sunny
26-12-2020,Saturday,1,0,76,1,4.44,17.12,Partially Cloudy
27-12-2020,Sunday,1,0,24,4,3.22,1.86,Sunny
28-12-2020,Monday,0,1,124,4,4.13,7.51,Heavy rain
29-12-2020,Tuesday,0,0,64,4,4.3,3.72,Partially Cloudy
30-12-2020,Wednesday,0,0,46,5,3.66,2.51,Heavy rain
31-12-2020,Thursday,0,0,70,3,3.16,7.38,Sunny
01-01-2021,Friday,0,0,67,4,3.73,4.49,Light rain
02-01-2021,Saturday,1,0,32,4,4.15,1.93,Light rain
03-01-2021,Sunday,1,0,64,3,4.24,5.03,Sunny
04-01-2021,Monday,0,0,62,6,3.19,3.24,Light rain
05-01-2021,Tuesday,0,0,53,6,3.9,2.26,Partially Cloudy
06-01-2021,Wednesday,0,0,87,5,3.57,4.87,Light rain
07-01-2021,Thursday,0,0,126,6,4.19,5.01,Sunny
08-01-2021,Friday,0,1,124,4,3.13,9.9,Partially Cloudy
09-01-2021,Saturday,1,0,54,1,3.99,13.53,Sunny
10-01-2021,Sunday,1,0,52,4,3.51,3.7,Heavy rain
11-01-2021,Monday,0,0,80,4,3.42,5.85,Sunny
12-01-2021,Tuesday,0,0,120,5,3.83,6.27,Light rain
13-01-2021,Wednesday,0,1,126,4,3.89,8.1,Light rain
14-01-2021,Thursday,0,1,176,6,3.31,8.86,Sunny
15-01-2021,Friday,0,0,118,3,4.49,8.76,Partially Cloudy
16-01-2021,Saturday,1,0,23,2,4.39,2.62,Heavy rain
17-01-2021,Sunday,1,0,45,3,3.23,4.64,Sunny
18-01-2021,Monday,0,0,97,4,3.68,6.59,Light rain
19-01-2021,Tuesday,0,1,130,3,3.55,12.21,Light rain
20-01-2021,Wednesday,0,0,85,5,3.1,5.48,Sunny
21-01-2021,Thursday,0,1,117,5,3.95,5.92,Light rain
22-01-2021,Friday,0,0,79,5,3.35,4.72,Sunny
23-01-2021,Saturday,1,0,71,4,3.16,5.62,Partially Cloudy
24-01-2021,Sunday,1,0,48,4,4.24,2.83,Sunny
25-01-2021,Monday,0,0,93,5,3.05,6.1,Light rain
26-01-2021,Tuesday,0,0,108,6,3.76,4.79,Sunny
27-01-2021,Wednesday,0,0,52,5,3.55,2.93,Heavy rain
28-01-2021,Thursday,0,0,70,6,3.79,3.08,Partially Cloudy
29-01-2021,Friday,0,0,60,4,3.91,3.84,Light rain
30-01-2021,Saturday,1,0,34,1,4.4,7.73,Heavy rain
31-01-2021,Sunday,1,1,91,2,4.39,10.36,Sunny
01-02-2021,Monday,0,1,142,3,3.88,12.2,Heavy rain
02-02-2021,Tuesday,0,1,147,3,3.29,14.89,Light rain
03-02-2021,Wednesday,0,0,57,6,3,3.17,Heavy rain
04-02-2021,Thursday,0,0,64,4,4.24,3.77,Heavy rain
05-02-2021,Friday,0,0,66,6,4.27,2.58,Partially Cloudy
06-02-2021,Saturday,1,1,69,3,3.5,6.57,Heavy rain
07-02-2021,Sunday,1,0,67,1,3.83,17.49,Partially Cloudy
08-02-2021,Monday,0,0,72,3,4.36,5.5,Light rain
09-02-2021,Tuesday,0,0,126,5,4.45,5.66,Sunny
10-02-2021,Wednesday,0,1,111,4,4.36,6.36,Sunny
11-02-2021,Thursday,1,0,71,2,3.25,10.92,Light rain
12-02-2021,Friday,0,0,80,4,3.34,5.99,Light rain
13-02-2021,Saturday,1,0,20,2,3.05,3.28,Heavy rain
14-02-2021,Sunday,1,1,36,1,3.72,9.68,Partially Cloudy
15-02-2021,Monday,0,0,107,4,3.99,6.7,Light rain
16-02-2021,Tuesday,0,0,69,5,3.56,3.88,Partially Cloudy
17-02-2021,Wednesday,0,0,120,3,3.68,10.87,Sunny
18-02-2021,Thursday,0,0,87,3,4.46,6.5,Sunny
19-02-2021,Friday,0,0,56,4,3.78,3.7,Heavy rain
20-02-2021,Saturday,1,1,63,3,3.51,5.98,Light rain
21-02-2021,Sunday,1,0,57,1,3.39,16.81,Heavy rain
22-02-2021,Monday,1,0,62,4,4.04,3.84,Light rain
23-02-2021,Tuesday,1,0,24,1,4.29,5.59,Heavy rain
24-02-2021,Wednesday,0,0,62,3,3.72,5.56,Partially Cloudy
25-02-2021,Thursday,1,0,33,2,3.39,4.87,Partially Cloudy
26-02-2021,Friday,0,0,51,3,3.95,4.3,Heavy rain
27-02-2021,Saturday,1,0,42,1,3.17,13.25,Partially Cloudy
28-02-2021,Sunday,1,0,27,2,3.53,3.82,Light rain
01-03-2021,Monday,0,1,151,5,3.83,7.89,Partially Cloudy
02-03-2021,Tuesday,0,0,84,6,3.23,4.33,Sunny
03-03-2021,Wednesday,0,0,76,3,3.17,7.99,Partially Cloudy
04-03-2021,Thursday,0,1,91,4,4.24,5.37,Heavy rain
05-03-2021,Friday,0,0,60,4,3.41,4.4,Light rain
06-03-2021,Saturday,1,0,96,3,3.63,8.82,Sunny
07-03-2021,Sunday,1,0,33,1,3.45,9.57,Light rain
08-03-2021,Monday,0,0,79,3,3.93,6.7,Sunny
09-03-2021,Tuesday,0,0,77,4,3.12,6.17,Heavy rain
10-03-2021,Wednesday,0,0,77,3,3.22,7.97,Partially Cloudy
11-03-2021,Thursday,0,0,120,5,3.48,6.9,Sunny
12-03-2021,Friday,0,0,54,4,3.27,4.13,Light rain
13-03-2021,Saturday,1,0,25,4,4.29,1.46,Heavy rain
14-03-2021,Sunday,1,0,26,4,4.03,1.61,Sunny
15-03-2021,Monday,1,0,48,2,3.86,6.22,Partially Cloudy
16-03-2021,Tuesday,0,0,93,6,3.17,4.89,Sunny
17-03-2021,Wednesday,0,1,162,5,3.52,9.2,Partially Cloudy
18-03-2021,Thursday,0,0,73,3,3.14,7.75,Light rain
19-03-2021,Friday,0,1,118,6,3.36,5.85,Sunny
20-03-2021,Saturday,1,0,50,4,3.94,3.17,Heavy rain
21-03-2021,Sunday,1,1,70,1,3.68,19.02,Heavy rain
22-03-2021,Monday,0,0,85,3,3.88,7.3,Partially Cloudy
23-03-2021,Tuesday,0,0,106,4,3.96,6.69,Sunny
24-03-2021,Wednesday,1,0,59,2,3.91,7.54,Partially Cloudy
25-03-2021,Thursday,0,1,76,5,3.64,4.18,Heavy rain
26-03-2021,Friday,0,1,136,5,3.3,8.24,Light rain
27-03-2021,Saturday,1,0,75,2,3.65,10.27,Partially Cloudy
28-03-2021,Sunday,1,0,52,3,4.38,3.96,Heavy rain
29-03-2021,Monday,0,0,108,6,4.29,4.2,Sunny
30-03-2021,Tuesday,0,0,91,4,3.68,6.18,Partially Cloudy
31-03-2021,Wednesday,0,0,84,3,3.14,8.92,Partially Cloudy
01-04-2021,Thursday,1,1,102,3,3.68,9.24,Light rain
02-04-2021,Friday,0,1,123,6,3.05,6.72,Partially Cloudy
03-04-2021,Saturday,1,0,74,1,3.77,19.63,Sunny
04-04-2021,Sunday,1,0,94,4,3.65,6.44,Sunny
05-04-2021,Monday,0,0,78,3,3.84,6.77,Light rain
06-04-2021,Tuesday,0,0,67,4,3.62,4.63,Light rain
07-04-2021,Wednesday,0,0,66,3,3.34,6.59,Sunny
08-04-2021,Thursday,1,0,19,4,3.47,1.37,Heavy rain
09-04-2021,Friday,0,0,97,3,4.26,7.59,Light rain
10-04-2021,Saturday,1,0,53,3,4.31,4.1,Partially Cloudy
11-04-2021,Sunday,1,0,67,2,3.14,10.67,Partially Cloudy
12-04-2021,Monday,0,1,90,6,3.28,4.57,Heavy rain
13-04-2021,Tuesday,0,0,54,4,3.39,3.98,Light rain
14-04-2021,Wednesday,0,0,118,3,4.49,8.76,Partially Cloudy
15-04-2021,Thursday,0,0,98,5,3.91,5.01,Partially Cloudy
16-04-2021,Friday,0,0,89,6,3.69,4.02,Light rain
17-04-2021,Saturday,1,0,25,3,3.32,2.51,Partially Cloudy
18-04-2021,Sunday,1,0,23,2,3.05,3.77,Partially Cloudy
19-04-2021,Monday,0,0,107,3,3.07,11.62,Partially Cloudy
20-04-2021,Tuesday,0,0,90,4,4.16,5.41,Heavy rain
21-04-2021,Wednesday,0,0,94,5,3.67,5.12,Sunny
22-04-2021,Thursday,0,0,82,4,3.56,5.76,Heavy rain
23-04-2021,Friday,0,1,76,3,3.69,6.87,Heavy rain
24-04-2021,Saturday,1,0,66,2,3.5,9.43,Sunny
25-04-2021,Sunday,1,0,44,4,4,2.75,Partially Cloudy
26-04-2021,Monday,0,1,171,4,3.33,12.84,Light rain
27-04-2021,Tuesday,0,1,136,6,4.1,5.53,Light rain
28-04-2021,Wednesday,0,0,63,5,4.16,3.03,Light rain
29-04-2021,Thursday,0,0,117,5,4.03,5.81,Partially Cloudy
30-04-2021,Friday,0,0,142,5,3.05,9.31,Sunny
01-05-2021,Saturday,1,1,84,2,4.4,9.55,Partially Cloudy
02-05-2021,Sunday,1,0,70,4,4.06,4.31,Sunny
03-05-2021,Monday,0,0,102,4,3.67,6.95,Sunny
04-05-2021,Tuesday,0,0,86,3,3.81,7.52,Partially Cloudy
05-05-2021,Wednesday,0,0,60,3,3.12,6.41,Partially Cloudy
06-05-2021,Thursday,0,0,120,3,3.73,10.72,Light rain
07-05-2021,Friday,0,0,118,5,3.79,6.23,Sunny
08-05-2021,Saturday,1,0,72,1,3.87,18.6,Light rain
09-05-2021,Sunday,1,1,68,3,4.21,5.38,Heavy rain
10-05-2021,Monday,0,0,91,6,3.41,4.45,Partially Cloudy
11-05-2021,Tuesday,0,1,168,4,3.6,11.67,Partially Cloudy
12-05-2021,Wednesday,1,0,72,3,4.12,5.83,Partially Cloudy
13-05-2021,Thursday,0,0,84,4,4.21,4.99,Heavy rain
14-05-2021,Friday,0,0,68,5,3.62,3.76,Light rain
15-05-2021,Saturday,1,0,51,4,3.37,3.78,Sunny
16-05-2021,Sunday,1,0,28,4,3.77,1.86,Sunny
17-05-2021,Monday,0,0,107,3,4.45,8.01,Partially Cloudy
18-05-2021,Tuesday,0,0,92,5,4.4,4.18,Partially Cloudy
19-05-2021,Wednesday,0,0,52,6,3.6,2.41,Light rain
20-05-2021,Thursday,0,1,99,3,4.31,7.66,Partially Cloudy
21-05-2021,Friday,0,1,153,6,4.3,5.93,Partially Cloudy
22-05-2021,Saturday,1,0,63,4,3.87,4.07,Heavy rain
23-05-2021,Sunday,1,0,49,3,3.76,4.34,Partially Cloudy
24-05-2021,Monday,0,0,86,4,3.24,6.64,Light rain
25-05-2021,Tuesday,0,1,89,4,3.73,5.97,Sunny
26-05-2021,Wednesday,0,0,53,4,4.1,3.23,Heavy rain
27-05-2021,Thursday,0,0,73,5,3.24,4.51,Heavy rain
28-05-2021,Friday,0,0,67,4,3.7,4.53,Heavy rain
29-05-2021,Saturday,1,0,42,4,3.44,3.05,Heavy rain
30-05-2021,Sunday,1,0,38,4,3.24,2.93,Sunny
31-05-2021,Monday,0,0,69,3,3.73,6.17,Heavy rain
01-06-2021,Tuesday,0,1,156,5,3.94,7.92,Light rain
02-06-2021,Wednesday,0,1,144,6,3.15,7.62,Sunny
03-06-2021,Thursday,0,0,50,4,4.01,3.12,Heavy rain
04-06-2021,Friday,0,0,85,6,4.16,3.41,Heavy rain
05-06-2021,Saturday,1,0,68,4,4.18,4.07,Sunny
06-06-2021,Sunday,1,0,60,3,4.42,4.52,Light rain
07-06-2021,Monday,0,0,100,4,3.87,6.46,Light rain
08-06-2021,Tuesday,0,0,56,3,3.57,5.23,Heavy rain
09-06-2021,Wednesday,0,0,117,4,4.44,6.59,Light rain
10-06-2021,Thursday,0,0,106,5,3.74,5.67,Sunny
11-06-2021,Friday,0,1,94,3,3.51,8.93,Partially Cloudy
12-06-2021,Saturday,1,0,40,4,3.3,3.03,Sunny
13-06-2021,Sunday,1,0,22,2,3.7,2.97,Heavy rain
14-06-2021,Monday,0,1,133,3,3.23,13.73,Sunny
15-06-2021,Tuesday,0,0,52,4,3.09,4.21,Heavy rain
16-06-2021,Wednesday,0,0,89,3,4.5,6.59,Light rain
17-06-2021,Thursday,0,0,86,5,3.92,4.39,Heavy rain
18-06-2021,Friday,0,0,129,6,3.11,6.91,Sunny
19-06-2021,Saturday,1,1,82,4,3.16,6.49,Partially Cloudy
20-06-2021,Sunday,1,0,32,4,3.94,2.03,Light rain
21-06-2021,Monday,0,0,45,6,3.95,1.9,Heavy rain
22-06-2021,Tuesday,0,0,104,4,3.41,7.62,Partially Cloudy
23-06-2021,Wednesday,0,1,75,3,3.92,6.38,Heavy rain
24-06-2021,Thursday,0,0,94,5,3.4,5.53,Light rain
25-06-2021,Friday,1,0,45,4,3.23,3.48,Light rain
26-06-2021,Saturday,1,1,55,1,3.2,17.19,Sunny
27-06-2021,Sunday,1,1,111,4,3.51,7.91,Sunny
28-06-2021,Monday,0,1,89,6,3.09,4.8,Sunny
29-06-2021,Tuesday,0,0,55,4,4.49,3.06,Heavy rain
30-06-2021,Wednesday,0,0,65,3,3.85,5.63,Heavy rain
01-07-2021,Thursday,0,0,115,5,4.03,5.71,Light rain
02-07-2021,Friday,1,1,54,2,3.25,8.31,Light rain
03-07-2021,Saturday,1,0,93,1,4.39,21.18,Sunny
04-07-2021,Sunday,1,0,23,1,4,5.75,Heavy rain
05-07-2021,Monday,0,0,87,3,4.42,6.56,Light rain
06-07-2021,Tuesday,0,0,80,4,3.91,5.12,Light rain
07-07-2021,Wednesday,0,0,77,5,3.48,4.43,Partially Cloudy
08-07-2021,Thursday,0,0,144,3,3.65,13.15,Sunny
09-07-2021,Friday,0,1,99,3,3.7,8.92,Partially Cloudy
10-07-2021,Saturday,1,0,56,1,3.31,16.92,Sunny
11-07-2021,Sunday,1,1,61,4,3.8,4.01,Heavy rain
12-07-2021,Monday,0,0,102,4,3.29,7.75,Sunny
13-07-2021,Tuesday,0,0,120,4,3.71,8.09,Partially Cloudy
14-07-2021,Wednesday,0,0,62,3,3.18,6.5,Sunny
15-07-2021,Thursday,1,0,22,3,3.71,1.98,Light rain
16-07-2021,Friday,0,0,72,3,4.23,5.67,Light rain
17-07-2021,Saturday,1,0,22,1,3.16,6.96,Partially Cloudy
18-07-2021,Sunday,1,0,36,1,4.5,8,Light rain
19-07-2021,Monday,0,0,96,4,4.22,5.69,Heavy rain
20-07-2021,Tuesday,0,1,100,6,3.83,4.35,Partially Cloudy
21-07-2021,Wednesday,0,0,105,5,4.01,5.24,Light rain
22-07-2021,Thursday,0,1,99,4,3.07,8.06,Heavy rain
23-07-2021,Friday,0,0,82,3,4.21,6.49,Heavy rain
24-07-2021,Saturday,1,0,87,4,3.07,7.08,Sunny
25-07-2021,Sunday,1,0,54,1,4.43,12.19,Heavy rain
26-07-2021,Monday,0,0,104,5,3.99,5.21,Light rain
27-07-2021,Tuesday,0,0,96,5,3.4,5.65,Light rain
28-07-2021,Wednesday,0,0,58,4,3.62,4.01,Heavy rain
29-07-2021,Thursday,0,0,97,5,3.04,6.38,Partially Cloudy
30-07-2021,Friday,0,0,105,4,3.11,8.44,Light rain
31-07-2021,Saturday,1,0,46,3,3.88,3.95,Heavy rain
01-08-2021,Sunday,1,0,27,3,3.11,2.89,Light rain
02-08-2021,Monday,0,0,96,5,3.58,5.36,Light rain
03-08-2021,Tuesday,0,0,70,4,3.08,5.68,Partially Cloudy
04-08-2021,Wednesday,0,0,62,6,4.3,2.4,Light rain
05-08-2021,Thursday,1,0,57,3,3.35,5.67,Sunny
06-08-2021,Friday,1,0,25,3,4.05,2.06,Sunny
07-08-2021,Saturday,1,0,50,4,3.11,4.02,Partially Cloudy
08-08-2021,Sunday,1,0,75,2,3.42,10.96,Partially Cloudy
09-08-2021,Monday,1,0,16,3,3.56,1.5,Heavy rain
10-08-2021,Tuesday,0,0,105,3,4,8.75,Sunny
11-08-2021,Wednesday,0,0,92,3,3.62,8.47,Partially Cloudy
12-08-2021,Thursday,0,1,132,4,3.87,8.53,Heavy rain
13-08-2021,Friday,0,0,76,6,3.52,3.6,Light rain
14-08-2021,Saturday,1,0,56,1,3.17,17.67,Light rain
15-08-2021,Sunday,1,0,26,2,3.56,3.65,Sunny
16-08-2021,Monday,0,0,107,6,3.52,5.07,Partially Cloudy
17-08-2021,Tuesday,0,0,102,5,3.12,6.54,Sunny
18-08-2021,Wednesday,0,0,59,3,3.86,5.09,Light rain
19-08-2021,Thursday,0,0,75,6,4.48,2.79,Light rain
20-08-2021,Friday,0,0,94,6,4.33,3.62,Sunny
21-08-2021,Saturday,1,0,48,3,3.43,4.66,Partially Cloudy
22-08-2021,Sunday,1,0,35,4,3.82,2.29,Partially Cloudy
23-08-2021,Monday,0,1,124,6,4.42,4.68,Sunny
24-08-2021,Tuesday,0,0,118,5,4.45,5.3,Light rain
25-08-2021,Wednesday,0,0,114,4,3.81,7.48,Partially Cloudy
26-08-2021,Thursday,0,0,89,5,3.06,5.82,Heavy rain
27-08-2021,Friday,0,1,105,6,3.94,4.44,Light rain
28-08-2021,Saturday,1,0,33,4,3.08,2.68,Light rain
29-08-2021,Sunday,1,1,111,1,3.68,30.16,Light rain
30-08-2021,Monday,0,0,82,4,4.34,4.72,Sunny
31-08-2021,Tuesday,0,0,99,3,3.26,10.12,Partially Cloudy
01-09-2021,Wednesday,0,0,80,6,3.55,3.76,Heavy rain
02-09-2021,Thursday,0,0,88,5,4.29,4.1,Sunny
03-09-2021,Friday,0,0,74,6,4.42,2.79,Light rain
04-09-2021,Saturday,1,1,124,1,3.1,40,Sunny
05-09-2021,Sunday,1,0,46,1,4.2,10.95,Heavy rain
06-09-2021,Monday,0,0,103,5,4.01,5.14,Sunny
07-09-2021,Tuesday,0,0,132,3,4.22,10.43,Sunny
08-09-2021,Wednesday,0,1,84,5,3.74,4.49,Heavy rain
09-09-2021,Thursday,0,1,172,6,3.09,9.28,Light rain
10-09-2021,Friday,0,0,71,5,3.14,4.52,Partially Cloudy
11-09-2021,Saturday,1,0,50,4,3.2,3.91,Sunny
12-09-2021,Sunday,1,0,65,1,3.7,17.57,Light rain
13-09-2021,Monday,0,0,116,5,3.63,6.39,Sunny
14-09-2021,Tuesday,1,0,44,1,3.62,12.15,Heavy rain
15-09-2021,Wednesday,0,0,59,4,3.08,4.79,Partially Cloudy
16-09-2021,Thursday,0,0,108,6,3.93,4.58,Sunny
17-09-2021,Friday,0,0,89,4,3.58,6.22,Partially Cloudy
18-09-2021,Saturday,1,0,91,1,4.26,21.36,Sunny
19-09-2021,Sunday,1,0,37,4,4.06,2.28,Partially Cloudy
20-09-2021,Monday,0,0,70,6,4.16,2.8,Sunny
21-09-2021,Tuesday,0,0,94,3,4.1,7.64,Sunny
22-09-2021,Wednesday,0,0,56,4,3.12,4.49,Light rain
23-09-2021,Thursday,0,0,55,3,3.22,5.69,Light rain
24-09-2021,Friday,1,1,57,1,4.31,13.23,Light rain
25-09-2021,Saturday,1,0,33,2,3.6,4.58,Light rain
26-09-2021,Sunday,1,0,63,3,4.03,5.21,Heavy rain
27-09-2021,Monday,0,0,102,6,3.27,5.2,Light rain
28-09-2021,Tuesday,0,1,78,3,4.42,5.88,Heavy rain
29-09-2021,Wednesday,0,0,76,4,4.44,4.28,Sunny
30-09-2021,Thursday,0,1,82,3,4.4,6.21,Partially Cloudy
01-10-2021,Friday,0,0,82,5,3.69,4.44,Light rain
02-10-2021,Saturday,1,1,50,2,4.11,6.08,Sunny
03-10-2021,Sunday,1,0,69,1,3.76,18.35,Sunny
04-10-2021,Monday,1,0,22,1,3.09,7.12,Partially Cloudy
05-10-2021,Tuesday,0,0,69,5,3.44,4.01,Sunny
06-10-2021,Wednesday,1,0,66,4,4.36,3.78,Partially Cloudy
07-10-2021,Thursday,0,0,123,5,3.62,6.8,Sunny
08-10-2021,Friday,0,0,94,5,4.36,4.31,Light rain
09-10-2021,Saturday,1,1,120,2,4.46,13.45,Sunny
10-10-2021,Sunday,1,1,33,4,3.94,2.09,Heavy rain
11-10-2021,Monday,0,0,84,3,4.41,6.35,Sunny
12-10-2021,Tuesday,0,0,83,6,3.34,4.14,Heavy rain
13-10-2021,Wednesday,0,0,58,3,3.04,6.36,Light rain
14-10-2021,Thursday,0,0,94,5,3.52,5.34,Partially Cloudy
15-10-2021,Friday,0,0,105,5,3.58,5.87,Partially Cloudy
16-10-2021,Saturday,1,0,52,4,4.15,3.13,Heavy rain
17-10-2021,Sunday,1,0,53,1,3.77,14.06,Heavy rain
18-10-2021,Monday,1,0,49,1,3.17,15.46,Partially Cloudy
19-10-2021,Tuesday,0,0,84,6,4.16,3.37,Heavy rain
20-10-2021,Wednesday,0,0,106,6,3.62,4.88,Partially Cloudy
21-10-2021,Thursday,0,0,114,5,3.71,6.15,Partially Cloudy
22-10-2021,Friday,0,0,57,6,3.99,2.38,Heavy rain
23-10-2021,Saturday,1,1,31,2,3.64,4.26,Heavy rain
24-10-2021,Sunday,1,0,57,4,3.65,3.9,Sunny
25-10-2021,Monday,0,0,93,4,4.29,5.42,Partially Cloudy
26-10-2021,Tuesday,0,0,81,6,3.05,4.43,Heavy rain
27-10-2021,Wednesday,0,0,96,3,4.42,7.24,Sunny
28-10-2021,Thursday,0,0,87,4,3.41,6.38,Sunny
29-10-2021,Friday,0,0,92,6,3.2,4.79,Sunny
30-10-2021,Saturday,1,0,24,2,4.13,2.91,Partially Cloudy
31-10-2021,Sunday,1,0,20,3,3.2,2.08,Heavy rain
01-11-2021,Monday,0,0,75,5,4.38,3.42,Light rain
02-11-2021,Tuesday,0,0,54,4,4.08,3.31,Partially Cloudy
03-11-2021,Wednesday,0,0,79,4,4.48,4.41,Partially Cloudy
04-11-2021,Thursday,0,1,172,6,3.97,7.22,Partially Cloudy
05-11-2021,Friday,0,0,104,4,3.55,7.32,Light rain
06-11-2021,Saturday,1,0,78,4,3.49,5.59,Light rain
07-11-2021,Sunday,1,0,47,4,3.78,3.11,Partially Cloudy
08-11-2021,Monday,0,0,64,6,3.59,2.97,Heavy rain
09-11-2021,Tuesday,0,0,65,5,3.81,3.41,Partially Cloudy
10-11-2021,Wednesday,0,1,117,6,4.21,4.63,Heavy rain
11-11-2021,Thursday,0,0,53,5,3.77,2.81,Light rain
12-11-2021,Friday,0,0,80,4,4.15,4.82,Light rain
13-11-2021,Saturday,1,1,46,2,3.9,5.9,Partially Cloudy
14-11-2021,Sunday,1,0,77,3,4.42,5.81,Partially Cloudy
15-11-2021,Monday,0,0,86,4,4.35,4.94,Light rain
16-11-2021,Tuesday,0,1,159,6,3.2,8.28,Partially Cloudy
17-11-2021,Wednesday,0,1,162,4,4.17,9.71,Light rain
18-11-2021,Thursday,0,0,52,5,4.25,2.45,Light rain
19-11-2021,Friday,0,0,54,3,3.35,5.37,Light rain
20-11-2021,Saturday,1,0,25,1,4.36,5.73,Sunny
21-11-2021,Sunday,1,1,40,3,3.39,3.93,Partially Cloudy
22-11-2021,Monday,0,0,112,6,3.18,5.87,Light rain
23-11-2021,Tuesday,0,0,91,5,3.02,6.03,Light rain
24-11-2021,Wednesday,0,0,83,3,3.44,8.04,Heavy rain
25-11-2021,Thursday,0,0,79,3,3.72,7.08,Sunny
26-11-2021,Friday,0,0,138,5,3.34,8.26,Sunny
27-11-2021,Saturday,1,0,43,2,3.36,6.4,Light rain
28-11-2021,Sunday,1,0,66,4,3.87,4.26,Sunny
29-11-2021,Monday,0,0,100,4,3.08,8.12,Light rain
30-11-2021,Tuesday,0,1,117,4,3.03,9.65,Partially Cloudy
01-12-2021,Wednesday,0,1,81,3,3.67,7.36,Heavy rain
02-12-2021,Thursday,0,0,48,5,3.93,2.44,Heavy rain
03-12-2021,Friday,0,0,107,6,3.87,4.61,Light rain
04-12-2021,Saturday,1,0,50,4,3.51,3.56,Heavy rain
05-12-2021,Sunday,1,0,41,2,3.95,5.19,Light rain
06-12-2021,Monday,0,0,78,6,3.89,3.34,Heavy rain
07-12-2021,Tuesday,1,0,31,3,4.22,2.45,Sunny
08-12-2021,Wednesday,0,0,60,5,3.07,3.91,Heavy rain
09-12-2021,Thursday,0,0,116,6,3.19,6.06,Light rain
10-12-2021,Friday,0,0,122,5,4.38,5.57,Sunny
11-12-2021,Saturday,1,0,80,4,3.21,6.23,Partially Cloudy
12-12-2021,Sunday,1,0,47,1,3.97,11.84,Light rain
13-12-2021,Monday,0,0,139,3,3.5,13.24,Sunny
14-12-2021,Tuesday,0,0,90,4,4.46,5.04,Sunny
15-12-2021,Wednesday,1,0,40,3,4.15,3.21,Heavy rain
16-12-2021,Thursday,0,0,126,4,3.48,9.05,Sunny
17-12-2021,Friday,0,0,100,4,4.03,6.2,Partially Cloudy
18-12-2021,Saturday,1,0,75,2,4.33,8.66,Light rain
19-12-2021,Sunday,1,0,38,3,3.09,4.1,Sunny
20-12-2021,Monday,0,1,162,3,3.44,15.7,Partially Cloudy
21-12-2021,Tuesday,0,0,74,4,3.26,5.67,Heavy rain
22-12-2021,Wednesday,0,0,85,3,3.4,8.33,Heavy rain
23-12-2021,Thursday,0,0,80,6,3.23,4.13,Heavy rain
24-12-2021,Friday,0,0,69,6,3.84,2.99,Heavy rain
25-12-2021,Saturday,1,0,72,1,3.84,18.75,Sunny
26-12-2021,Sunday,1,0,78,1,3.84,20.31,Sunny
27-12-2021,Monday,0,0,66,3,3.19,6.9,Heavy rain
28-12-2021,Tuesday,1,1,138,2,4.22,16.35,Sunny
29-12-2021,Wednesday,0,1,99,4,3.81,6.5,Light rain
30-12-2021,Thursday,0,1,165,3,3.61,15.24,Light rain
31-12-2021,Friday,0,0,71,3,4.22,5.61,Light rain
01-01-2022,Saturday,1,0,64,4,3.22,4.97,Sunny
02-01-2022,Sunday,1,1,90,2,4.25,10.59,Light rain
03-01-2022,Monday,0,0,92,3,3.13,9.8,Partially Cloudy
04-01-2022,Tuesday,0,1,118,3,3.9,10.09,Sunny
05-01-2022,Wednesday,0,0,108,4,3.15,8.57,Sunny
06-01-2022,Thursday,0,0,99,6,3.21,5.14,Light rain
07-01-2022,Friday,1,0,60,4,3.61,4.16,Heavy rain
08-01-2022,Saturday,1,0,52,1,3.98,13.07,Light rain
09-01-2022,Sunday,1,0,32,4,3.53,2.27,Partially Cloudy
10-01-2022,Monday,1,0,51,4,4.48,2.85,Light rain
11-01-2022,Tuesday,0,0,77,4,4.38,4.39,Heavy rain
12-01-2022,Wednesday,1,0,38,4,3.44,2.76,Sunny
13-01-2022,Thursday,0,0,64,6,3.44,3.1,Heavy rain
14-01-2022,Friday,0,0,115,4,4.25,6.76,Sunny
15-01-2022,Saturday,1,1,88,1,4.05,21.73,Sunny
16-01-2022,Sunday,1,0,82,3,3.71,7.37,Sunny
17-01-2022,Monday,0,0,120,6,3.57,5.6,Sunny
18-01-2022,Tuesday,0,0,87,3,3.07,9.45,Sunny
19-01-2022,Wednesday,0,0,76,4,3.98,4.77,Heavy rain
20-01-2022,Thursday,0,0,45,5,3.85,2.34,Heavy rain
21-01-2022,Friday,0,0,83,3,3.6,7.69,Light rain
22-01-2022,Saturday,1,0,67,2,3.57,9.38,Sunny
23-01-2022,Sunday,1,1,75,1,4,18.75,Partially Cloudy
24-01-2022,Monday,0,0,49,6,3.33,2.45,Heavy rain
25-01-2022,Tuesday,0,0,130,5,3.84,6.77,Sunny
26-01-2022,Wednesday,0,0,121,5,3.03,7.99,Sunny
27-01-2022,Thursday,0,0,94,3,3.38,9.27,Sunny
28-01-2022,Friday,0,1,96,3,3.96,8.08,Light rain
29-01-2022,Saturday,1,0,52,3,3.79,4.57,Light rain
30-01-2022,Sunday,1,0,51,4,3.48,3.66,Heavy rain
31-01-2022,Monday,0,0,50,4,3.2,3.91,Heavy rain
01-02-2022,Tuesday,0,0,101,5,3.75,5.39,Partially Cloudy
02-02-2022,Wednesday,1,0,46,4,4.34,2.65,Heavy rain
03-02-2022,Thursday,1,0,67,3,3.45,6.47,Light rain
04-02-2022,Friday,0,0,73,6,4.45,2.73,Light rain
05-02-2022,Saturday,1,0,22,4,3.77,1.46,Light rain
06-02-2022,Sunday,1,0,49,2,4.25,5.76,Light rain
07-02-2022,Monday,0,0,111,5,3.32,6.69,Light rain
08-02-2022,Tuesday,0,0,74,5,4.43,3.34,Heavy rain
09-02-2022,Wednesday,0,1,199,5,3.76,10.59,Sunny
10-02-2022,Thursday,0,0,100,3,3.16,10.55,Sunny
11-02-2022,Friday,0,0,88,3,3.98,7.37,Heavy rain
12-02-2022,Saturday,1,0,55,1,3.64,15.11,Light rain
13-02-2022,Sunday,1,0,60,1,4.02,14.93,Sunny
14-02-2022,Monday,0,1,154,4,3.58,10.75,Light rain
15-02-2022,Tuesday,0,0,85,4,3.68,5.77,Sunny
16-02-2022,Wednesday,1,0,67,1,3.97,16.88,Partially Cloudy
17-02-2022,Thursday,0,0,73,4,4.49,4.06,Partially Cloudy
18-02-2022,Friday,0,0,55,6,3.76,2.44,Heavy rain
19-02-2022,Saturday,1,1,68,3,4.14,5.48,Sunny
20-02-2022,Sunday,1,0,52,3,3.61,4.8,Light rain
21-02-2022,Monday,0,1,98,4,4.36,5.62,Sunny
22-02-2022,Tuesday,0,0,94,5,3.72,5.05,Light rain
23-02-2022,Wednesday,0,0,112,6,3.89,4.8,Partially Cloudy
24-02-2022,Thursday,0,0,69,5,4.3,3.21,Sunny
25-02-2022,Friday,0,0,122,3,4.32,9.41,Sunny
26-02-2022,Saturday,1,0,32,4,3.98,2.01,Light rain
27-02-2022,Sunday,1,0,36,2,4.25,4.24,Heavy rain
28-02-2022,Monday,1,0,40,3,4.25,3.14,Sunny
01-03-2022,Tuesday,0,1,100,6,4.13,4.04,Heavy rain
02-03-2022,Wednesday,0,0,90,3,3.46,8.67,Light rain
03-03-2022,Thursday,0,0,48,5,3.23,2.97,Heavy rain
04-03-2022,Friday,0,0,57,4,3.39,4.2,Heavy rain
05-03-2022,Saturday,1,0,42,4,4.1,2.56,Heavy rain
06-03-2022,Sunday,1,0,73,3,3.96,6.14,Partially Cloudy
07-03-2022,Monday,0,0,51,5,4.46,2.29,Heavy rain
08-03-2022,Tuesday,0,0,51,6,3.74,2.27,Light rain
09-03-2022,Wednesday,1,0,49,2,3.09,7.93,Heavy rain
10-03-2022,Thursday,0,0,45,4,4.18,2.69,Heavy rain
11-03-2022,Friday,0,0,49,4,4.11,2.98,Heavy rain
12-03-2022,Saturday,1,0,24,3,4.4,1.82,Light rain
13-03-2022,Sunday,1,1,36,4,3.39,2.65,Partially Cloudy
14-03-2022,Monday,0,1,130,6,3.35,6.47,Light rain
15-03-2022,Tuesday,1,0,22,3,4.2,1.75,Light rain
16-03-2022,Wednesday,0,0,109,6,3.82,4.76,Sunny
17-03-2022,Thursday,0,0,101,3,3.07,10.97,Partially Cloudy
18-03-2022,Friday,0,0,62,6,4.24,2.44,Sunny
19-03-2022,Saturday,1,0,58,1,3.25,17.85,Light rain
20-03-2022,Sunday,1,0,49,1,3.59,13.65,Light rain
21-03-2022,Monday,0,0,67,4,3.15,5.32,Partially Cloudy
22-03-2022,Tuesday,0,1,80,3,4.08,6.54,Heavy rain
23-03-2022,Wednesday,0,1,82,5,3.64,4.51,Light rain
24-03-2022,Thursday,0,0,73,4,4.38,4.17,Sunny
25-03-2022,Friday,0,0,61,3,3.45,5.89,Heavy rain
26-03-2022,Saturday,1,0,52,1,3.84,13.54,Heavy rain
27-03-2022,Sunday,1,0,94,3,4.25,7.37,Sunny
28-03-2022,Monday,0,0,75,5,3.11,4.82,Heavy rain
29-03-2022,Tuesday,0,1,66,5,4.34,3.04,Heavy rain
30-03-2022,Wednesday,0,0,77,3,3.56,7.21,Light rain
31-03-2022,Thursday,0,0,84,3,3.56,7.87,Partially Cloudy
01-04-2022,Friday,0,1,102,5,3.83,5.33,Sunny
02-04-2022,Saturday,1,1,69,2,3.53,9.77,Light rain
03-04-2022,Sunday,1,0,44,4,4.2,2.62,Partially Cloudy
04-04-2022,Monday,0,1,174,3,3.32,17.47,Partially Cloudy
05-04-2022,Tuesday,0,1,90,6,4.3,3.49,Light rain
06-04-2022,Wednesday,0,0,139,5,3.53,7.88,Sunny
07-04-2022,Thursday,1,0,21,1,3.68,5.71,Partially Cloudy
08-04-2022,Friday,0,0,96,6,3.45,4.64,Sunny
09-04-2022,Saturday,1,0,44,4,3.34,3.29,Heavy rain
10-04-2022,Sunday,1,0,47,1,3.57,13.17,Partially Cloudy
11-04-2022,Monday,0,0,78,6,4.28,3.04,Partially Cloudy
12-04-2022,Tuesday,0,0,136,5,3.08,8.83,Sunny
13-04-2022,Wednesday,0,0,138,5,4.44,6.22,Sunny
14-04-2022,Thursday,1,0,62,3,3.25,6.36,Sunny
15-04-2022,Friday,0,0,127,4,3.87,8.2,Sunny
16-04-2022,Saturday,1,1,67,4,3.54,4.73,Partially Cloudy
17-04-2022,Sunday,1,0,72,4,4.18,4.31,Sunny
18-04-2022,Monday,0,0,99,5,4.34,4.56,Sunny
19-04-2022,Tuesday,0,0,54,4,3.05,4.43,Light rain
20-04-2022,Wednesday,0,0,85,3,3.89,7.28,Light rain
21-04-2022,Thursday,0,1,210,6,4.14,8.45,Sunny
22-04-2022,Friday,0,0,88,4,4.16,5.29,Heavy rain
23-04-2022,Saturday,1,0,80,3,4.17,6.39,Sunny
24-04-2022,Sunday,1,0,51,4,4.28,2.98,Heavy rain
25-04-2022,Monday,0,0,94,5,4.06,4.63,Partially Cloudy
26-04-2022,Tuesday,0,0,85,6,3.56,3.98,Partially Cloudy
27-04-2022,Wednesday,0,0,61,6,4.2,2.42,Partially Cloudy
28-04-2022,Thursday,0,0,124,4,4.12,7.52,Sunny
29-04-2022,Friday,0,0,105,5,4.39,4.78,Partially Cloudy
30-04-2022,Saturday,1,0,33,3,4.03,2.73,Light rain
01-05-2022,Sunday,1,0,62,4,3.45,4.49,Light rain
02-05-2022,Monday,0,0,116,3,3.37,11.47,Light rain
03-05-2022,Tuesday,0,0,110,6,3.99,4.59,Light rain
04-05-2022,Wednesday,0,0,102,6,4.28,3.97,Sunny
05-05-2022,Thursday,0,0,43,4,3.98,2.7,Heavy rain
06-05-2022,Friday,0,0,108,3,3.42,10.53,Sunny
07-05-2022,Saturday,1,1,27,4,3.55,1.9,Heavy rain
08-05-2022,Sunday,1,0,34,1,3.99,8.52,Light rain
09-05-2022,Monday,0,0,82,6,3.48,3.93,Sunny
10-05-2022,Tuesday,0,0,80,6,3.04,4.39,Heavy rain
11-05-2022,Wednesday,0,0,62,6,3.63,2.85,Heavy rain
12-05-2022,Thursday,0,1,126,6,3.58,5.87,Partially Cloudy
13-05-2022,Friday,0,0,73,4,3.79,4.82,Light rain
14-05-2022,Saturday,1,0,36,3,4.3,2.79,Heavy rain
15-05-2022,Sunday,1,0,34,3,3.14,3.61,Heavy rain
16-05-2022,Monday,0,0,99,5,4.37,4.53,Partially Cloudy
17-05-2022,Tuesday,0,1,118,3,3.83,10.27,Sunny
18-05-2022,Wednesday,0,0,84,4,3.9,5.38,Heavy rain
19-05-2022,Thursday,0,0,116,6,3.42,5.65,Sunny
20-05-2022,Friday,0,0,120,3,3.52,11.36,Partially Cloudy
21-05-2022,Saturday,1,0,76,3,4.12,6.15,Partially Cloudy
22-05-2022,Sunday,1,0,25,4,3.54,1.77,Partially Cloudy
23-05-2022,Monday,0,0,98,4,3.49,7.02,Sunny
24-05-2022,Tuesday,0,0,108,5,3.02,7.15,Partially Cloudy
25-05-2022,Wednesday,0,0,133,3,4.21,10.53,Sunny
26-05-2022,Thursday,0,0,97,6,4.48,3.61,Partially Cloudy
27-05-2022,Friday,0,0,98,4,4.48,5.47,Partially Cloudy
28-05-2022,Saturday,1,1,46,1,3.58,12.85,Heavy rain
29-05-2022,Sunday,1,0,41,1,3.96,10.35,Light rain
30-05-2022,Monday,0,0,112,6,3.13,5.96,Sunny
31-05-2022,Tuesday,0,0,64,5,4.42,2.9,Partially Cloudy
01-06-2022,Wednesday,0,1,163,5,3.92,8.32,Sunny
02-06-2022,Thursday,0,0,141,3,3.85,12.21,Sunny
03-06-2022,Friday,0,1,91,3,3.1,9.78,Partially Cloudy
04-06-2022,Saturday,1,0,52,4,4.39,2.96,Heavy rain
05-06-2022,Sunday,1,0,46,2,4.19,5.49,Partially Cloudy
06-06-2022,Monday,0,0,95,3,3.37,9.4,Partially Cloudy
07-06-2022,Tuesday,0,0,115,4,4.34,6.62,Light rain
08-06-2022,Wednesday,0,0,97,3,3.99,8.1,Partially Cloudy
09-06-2022,Thursday,0,0,65,4,3.19,5.09,Light rain
10-06-2022,Friday,0,0,74,6,3.23,3.82,Light rain
11-06-2022,Saturday,1,0,26,1,3.28,7.93,Light rain
12-06-2022,Sunday,1,0,54,1,4.26,12.68,Light rain
13-06-2022,Monday,0,0,52,6,3.14,2.76,Light rain
14-06-2022,Tuesday,0,0,74,3,3.55,6.95,Sunny
15-06-2022,Wednesday,0,1,205,5,4.5,9.11,Sunny
16-06-2022,Thursday,0,0,53,4,4.36,3.04,Light rain
17-06-2022,Friday,0,0,114,5,3.69,6.18,Light rain
18-06-2022,Saturday,1,1,46,3,3.62,4.24,Sunny
19-06-2022,Sunday,1,1,57,3,3.79,5.01,Light rain
20-06-2022,Monday,0,0,100,3,3.57,9.34,Light rain
21-06-2022,Tuesday,0,0,64,6,4.17,2.56,Partially Cloudy
22-06-2022,Wednesday,1,1,34,2,4.42,3.85,Heavy rain
23-06-2022,Thursday,0,0,75,3,4.27,5.85,Light rain
24-06-2022,Friday,0,0,52,6,3.65,2.37,Heavy rain
25-06-2022,Saturday,1,1,97,1,4.16,23.32,Partially Cloudy
26-06-2022,Sunday,1,0,66,3,3.74,5.88,Sunny
27-06-2022,Monday,1,1,46,2,3.19,7.21,Sunny
28-06-2022,Tuesday,0,0,66,6,4.46,2.47,Partially Cloudy
29-06-2022,Wednesday,0,1,108,3,3.15,11.43,Light rain
30-06-2022,Thursday,0,0,65,3,3.95,5.49,Partially Cloudy
01-07-2022,Friday,0,1,106,3,3.65,9.68,Heavy rain
02-07-2022,Saturday,1,0,63,1,4.39,14.35,Sunny
03-07-2022,Sunday,1,0,35,2,3.13,5.59,Partially Cloudy
04-07-2022,Monday,0,1,106,6,3.81,4.64,Heavy rain
05-07-2022,Tuesday,0,0,89,5,3.49,5.1,Partially Cloudy
06-07-2022,Wednesday,0,0,66,4,3.56,4.63,Heavy rain
07-07-2022,Thursday,0,1,210,6,3.05,11.48,Sunny
08-07-2022,Friday,1,1,52,4,3.08,4.22,Sunny
09-07-2022,Saturday,1,0,37,3,3.34,3.69,Heavy rain
10-07-2022,Sunday,1,0,76,2,3.28,11.59,Partially Cloudy
11-07-2022,Monday,0,0,50,5,3.8,2.63,Light rain
12-07-2022,Tuesday,0,0,50,5,3.3,3.03,Light rain
13-07-2022,Wednesday,0,0,72,4,4.39,4.1,Light rain
14-07-2022,Thursday,0,0,108,4,3.47,7.78,Sunny
15-07-2022,Friday,0,0,110,6,4.24,4.32,Partially Cloudy
16-07-2022,Saturday,1,0,32,4,3.03,2.64,Sunny
17-07-2022,Sunday,1,0,63,2,3.14,10.03,Partially Cloudy
18-07-2022,Monday,0,0,81,4,3.49,5.8,Sunny
19-07-2022,Tuesday,0,0,72,5,3.19,4.51,Sunny
20-07-2022,Wednesday,0,0,40,5,4,2,Heavy rain
21-07-2022,Thursday,0,0,91,4,4.26,5.34,Light rain
22-07-2022,Friday,0,0,40,5,3.47,2.31,Heavy rain
23-07-2022,Saturday,1,0,38,4,4.13,2.3,Light rain
24-07-2022,Sunday,1,1,109,3,3.43,10.59,Light rain
25-07-2022,Monday,0,0,118,6,4.18,4.7,Sunny
26-07-2022,Tuesday,0,1,82,6,3.98,3.43,Light rain
27-07-2022,Wednesday,0,0,52,5,3.65,2.85,Partially Cloudy
28-07-2022,Thursday,0,1,129,6,3.41,6.3,Heavy rain
29-07-2022,Friday,0,0,58,3,4.47,4.33,Light rain
30-07-2022,Saturday,1,1,58,4,3.06,4.74,Partially Cloudy
31-07-2022,Sunday,1,1,31,1,4.01,7.73,Light rain
01-08-2022,Monday,0,0,90,6,3.42,4.39,Sunny
02-08-2022,Tuesday,0,0,60,3,4.14,4.83,Heavy rain
03-08-2022,Wednesday,0,0,47,5,4.41,2.13,Heavy rain
04-08-2022,Thursday,0,0,114,3,4.13,9.2,Light rain
05-08-2022,Friday,1,0,48,1,4.01,11.97,Heavy rain
06-08-2022,Saturday,1,0,80,1,3.3,24.24,Light rain
07-08-2022,Sunday,1,1,114,3,3.59,10.58,Light rain
08-08-2022,Monday,0,1,91,6,3.83,3.96,Heavy rain
09-08-2022,Tuesday,0,1,145,6,3.2,7.55,Sunny
10-08-2022,Wednesday,0,0,66,5,4.46,2.96,Heavy rain
11-08-2022,Thursday,0,0,96,5,3.7,5.19,Sunny
12-08-2022,Friday,1,0,58,4,3.74,3.88,Heavy rain
13-08-2022,Saturday,1,1,72,3,3.37,7.12,Light rain
14-08-2022,Sunday,1,0,43,3,3.71,3.86,Partially Cloudy
15-08-2022,Monday,1,0,81,3,3.32,8.13,Sunny
16-08-2022,Tuesday,0,0,130,4,3.6,9.03,Sunny
17-08-2022,Wednesday,0,0,61,5,4.22,2.89,Heavy rain
18-08-2022,Thursday,0,0,80,5,4.03,3.97,Sunny
19-08-2022,Friday,0,0,107,3,3.83,9.31,Light rain
20-08-2022,Saturday,1,0,52,2,3.76,6.91,Sunny
21-08-2022,Sunday,1,0,75,3,3.87,6.46,Light rain
22-08-2022,Monday,0,0,72,5,4.37,3.3,Partially Cloudy
23-08-2022,Tuesday,0,1,121,4,4.16,7.27,Heavy rain
24-08-2022,Wednesday,0,1,130,4,3.78,8.6,Partially Cloudy
25-08-2022,Thursday,1,0,22,1,4.22,5.21,Partially Cloudy
26-08-2022,Friday,0,0,79,3,3.74,7.04,Sunny
27-08-2022,Saturday,1,0,74,3,3.42,7.21,Sunny
28-08-2022,Sunday,1,0,56,4,4.28,3.27,Heavy rain
29-08-2022,Monday,1,0,60,3,3.73,5.36,Heavy rain
30-08-2022,Tuesday,0,1,162,4,4.39,9.23,Partially Cloudy
31-08-2022,Wednesday,0,0,116,3,4.14,9.34,Partially Cloudy
01-09-2022,Thursday,0,0,86,5,3.93,4.38,Sunny
02-09-2022,Friday,0,1,87,4,3.55,6.13,Partially Cloudy
03-09-2022,Saturday,1,0,20,3,4.17,1.6,Light rain
04-09-2022,Sunday,1,1,31,2,4.17,3.72,Partially Cloudy
05-09-2022,Monday,0,0,55,6,3.3,2.78,Heavy rain
06-09-2022,Tuesday,0,0,142,3,3.32,14.26,Sunny
07-09-2022,Wednesday,0,1,115,6,3.07,6.24,Partially Cloudy
08-09-2022,Thursday,0,0,118,3,4.42,8.9,Sunny
09-09-2022,Friday,0,0,72,3,4.05,5.93,Partially Cloudy
10-09-2022,Saturday,1,0,78,3,4.01,6.48,Partially Cloudy
11-09-2022,Sunday,1,0,48,3,4,4,Heavy rain
12-09-2022,Monday,0,0,110,6,3.01,6.09,Partially Cloudy
13-09-2022,Tuesday,0,0,106,4,3.8,6.97,Light rain
14-09-2022,Wednesday,0,0,87,3,4.49,6.46,Heavy rain
15-09-2022,Thursday,1,0,55,4,3.24,4.24,Sunny
16-09-2022,Friday,0,0,60,6,4.09,2.44,Heavy rain
17-09-2022,Saturday,1,0,28,4,3.21,2.18,Heavy rain
18-09-2022,Sunday,1,1,37,1,4.35,8.51,Heavy rain
19-09-2022,Monday,0,1,159,6,3.13,8.47,Partially Cloudy
20-09-2022,Tuesday,0,0,80,5,3.45,4.64,Light rain
21-09-2022,Wednesday,0,0,104,5,4.42,4.71,Light rain
22-09-2022,Thursday,0,0,93,5,3.31,5.62,Heavy rain
23-09-2022,Friday,0,1,133,6,3.67,6.04,Partially Cloudy
24-09-2022,Saturday,1,0,63,4,3.69,4.27,Light rain
25-09-2022,Sunday,1,0,71,1,3.16,22.47,Light rain
26-09-2022,Monday,0,0,71,5,3.59,3.96,Heavy rain
27-09-2022,Tuesday,0,0,62,3,3.28,6.3,Sunny
28-09-2022,Wednesday,0,0,67,4,4.26,3.93,Sunny
29-09-2022,Thursday,0,1,148,6,4.47,5.52,Partially Cloudy
30-09-2022,Friday,0,0,83,3,3.91,7.08,Heavy rain
01-10-2022,Saturday,1,0,41,1,3.26,12.58,Light rain
02-10-2022,Sunday,1,0,57,2,3.6,7.92,Light rain
03-10-2022,Monday,0,0,110,4,3.67,7.49,Sunny
04-10-2022,Tuesday,0,0,93,3,3.65,8.49,Sunny
05-10-2022,Wednesday,0,0,66,5,3.87,3.41,Heavy rain
06-10-2022,Thursday,0,0,72,5,3.46,4.16,Heavy rain
07-10-2022,Friday,0,0,54,6,4.44,2.03,Partially Cloudy
08-10-2022,Saturday,1,0,43,2,3.62,5.94,Partially Cloudy
09-10-2022,Sunday,1,0,28,4,3.79,1.85,Heavy rain
10-10-2022,Monday,0,0,64,4,3.02,5.3,Heavy rain
11-10-2022,Tuesday,0,0,116,5,4.06,5.71,Light rain
12-10-2022,Wednesday,0,1,160,6,3.8,7.02,Partially Cloudy
13-10-2022,Thursday,0,0,116,3,4.3,8.99,Partially Cloudy
14-10-2022,Friday,0,0,98,6,4.24,3.85,Sunny
15-10-2022,Saturday,1,0,42,2,3.24,6.48,Partially Cloudy
16-10-2022,Sunday,1,0,20,4,3.23,1.55,Heavy rain
17-10-2022,Monday,0,0,51,5,3.67,2.78,Light rain
18-10-2022,Tuesday,0,0,116,5,3.78,6.14,Light rain
19-10-2022,Wednesday,1,0,42,3,4.17,3.36,Partially Cloudy
20-10-2022,Thursday,0,0,124,5,4.36,5.69,Sunny
21-10-2022,Friday,0,0,142,4,4.39,8.09,Sunny
22-10-2022,Saturday,1,0,44,2,4.11,5.35,Sunny
23-10-2022,Sunday,1,0,40,3,3.87,3.45,Heavy rain
24-10-2022,Monday,0,1,178,3,3.85,15.41,Light rain
25-10-2022,Tuesday,0,0,100,3,3.43,9.72,Light rain
26-10-2022,Wednesday,0,1,153,6,3.33,7.66,Partially Cloudy
27-10-2022,Thursday,0,0,117,3,3.06,12.75,Light rain
28-10-2022,Friday,0,0,115,5,4.2,5.48,Light rain
29-10-2022,Saturday,1,0,68,4,3.64,4.67,Light rain
30-10-2022,Sunday,1,0,52,2,3.95,6.58,Heavy rain
31-10-2022,Monday,0,0,50,5,3.09,3.24,Partially Cloudy
01-11-2022,Tuesday,0,0,110,4,4.15,6.63,Partially Cloudy
02-11-2022,Wednesday,0,0,51,4,3.5,3.64,Light rain
03-11-2022,Thursday,0,0,74,6,4,3.08,Sunny
04-11-2022,Friday,0,0,81,4,3.74,5.41,Sunny
05-11-2022,Saturday,1,0,57,4,3.36,4.24,Partially Cloudy
06-11-2022,Sunday,1,0,24,4,4.04,1.49,Heavy rain
07-11-2022,Monday,0,0,69,5,4.4,3.14,Partially Cloudy
08-11-2022,Tuesday,0,0,90,5,3.63,4.96,Heavy rain
09-11-2022,Wednesday,0,0,106,5,3.55,5.97,Sunny
10-11-2022,Thursday,0,0,88,4,3.58,6.15,Sunny
11-11-2022,Friday,0,0,73,5,3.57,4.09,Partially Cloudy
12-11-2022,Saturday,1,0,62,3,4.47,4.62,Partially Cloudy
13-11-2022,Sunday,1,0,60,3,3.84,5.21,Partially Cloudy
14-11-2022,Monday,0,0,105,4,3.59,7.31,Sunny
15-11-2022,Tuesday,0,0,78,6,3.3,3.94,Sunny
16-11-2022,Wednesday,1,0,41,4,3.02,3.39,Light rain
17-11-2022,Thursday,0,0,60,6,3.04,3.29,Light rain
18-11-2022,Friday,0,1,93,4,3.17,7.33,Heavy rain
19-11-2022,Saturday,1,0,56,1,3.33,16.82,Partially Cloudy
20-11-2022,Sunday,1,0,84,4,3.24,6.48,Sunny
21-11-2022,Monday,0,1,109,4,3.96,6.88,Heavy rain
22-11-2022,Tuesday,0,1,190,3,3.28,19.31,Sunny
23-11-2022,Wednesday,0,1,97,3,4.25,7.61,Heavy rain
24-11-2022,Thursday,1,1,40,4,4.15,2.41,Light rain
25-11-2022,Friday,0,0,84,4,3.42,6.14,Light rain
26-11-2022,Saturday,1,1,31,2,4.28,3.62,Light rain
27-11-2022,Sunday,1,0,27,2,3.95,3.42,Heavy rain
28-11-2022,Monday,0,1,86,3,3.34,8.58,Heavy rain
29-11-2022,Tuesday,0,0,144,6,3.14,7.64,Sunny
30-11-2022,Wednesday,0,0,107,5,3.68,5.82,Partially Cloudy
01-12-2022,Thursday,0,0,101,4,4.15,6.08,Light rain
02-12-2022,Friday,0,0,98,4,3.29,7.45,Light rain
03-12-2022,Saturday,1,1,91,3,3.12,9.72,Partially Cloudy
04-12-2022,Sunday,1,0,85,3,3.18,8.91,Sunny
05-12-2022,Monday,0,0,136,5,3.31,8.22,Sunny
